"번호","시도","기관명","주소","전화번호","운영주체","법인유형"
"1","서울","가락종합사회복지관","서울특별시 송파구 양재대로 897번지","02-449-2341","서울YWCA","사회복지법인"
"1","서울","가락종합사회복지관","서울특별시 송파구 양재대로 897번지","02-449-2342","서울YWCA","사회복지법인"
"1","서울","가락종합사회복지관","서울특별시 송파구 양재대로 897번지","02-449-2343","서울YWCA","사회복지법인"
"1","서울","가락종합사회복지관","서울특별시 송파구 양재대로 897번지","02-449-2344","서울YWCA","사회복지법인"
"2","서울","금천누리종합사회복지관","서울 금천구 가산로 129 가산동주민센터","02-868-6856","티뷰크 사회복지재단","사회복지법인"
"2","서울","금천누리종합사회복지관","서울 금천구 가산로 129 가산동주민센터","02-868-6857","티뷰크 사회복지재단","사회복지법인"
"2","서울","금천누리종합사회복지관","서울 금천구 가산로 129 가산동주민센터","02-868-6858","티뷰크 사회복지재단","사회복지법인"
"3","서울","가양4종합사회복지관","서울특별시 강서구 양천로57길 37","02-2668-6689","연세대학교","학교법인"
"4","서울","가양5종합사회복지관","서울특별시 강서구 양천로 57길 36","02-2668-4603","한기장복지재단","사회복지법인"
"4","서울","가양5종합사회복지관","서울특별시 강서구 양천로 57길 36","02-2668-4604","한기장복지재단","사회복지법인"
"5","서울","가양7종합사회복지관","서울특별시 강서구 허준로 209","02-2668-8600","기원","사회복지법인"
"6","서울","갈월종합사회복지관","서울특별시 용산구 두텁바위로 25","02-752-7887","한국장로교복지재단","사회복지법인"
"7","서울","강남종합사회복지관","서울특별시 강남구 개포로 109길 5","02-451-0051","강남학원","학교법인"
"7","서울","강남종합사회복지관","서울특별시 강남구 개포로 109길 5","02-451-0052","강남학원","학교법인"
"7","서울","강남종합사회복지관","서울특별시 강남구 개포로 109길 5","02-451-0053","강남학원","학교법인"
"8","서울","강동종합사회복지관","서울특별시 강동구 진황도로23길 7","02-2041-7800","기아대책","사회복지법인"
"9","서울","공릉종합사회복지관","서울특별시 노원구 동일로1127","02-948-0520","천도교유지재단","재단법인"
"9","서울","공릉종합사회복지관","서울특별시 노원구 동일로1127","02-948-0521","천도교유지재단","재단법인"
"9","서울","공릉종합사회복지관","서울특별시 노원구 동일로1127","02-948-0522","천도교유지재단","재단법인"
"10","서울","광장종합사회복지관","서울 광진구 아차산로66길 8","02-2201-1333","사랑의집","사회복지법인"
"11","서울","구로종합사회복지관","서울특별시 구로구 디지털로 31길 93","02-852-0522","대한불교조계종사회복지재단","사회복지법인"
"11","서울","구로종합사회복지관","서울특별시 구로구 디지털로 31길 93","02-852-0523","대한불교조계종사회복지재단","사회복지법인"
"11","서울","구로종합사회복지관","서울특별시 구로구 디지털로 31길 93","02-852-0524","대한불교조계종사회복지재단","사회복지법인"
"11","서울","구로종합사회복지관","서울특별시 구로구 디지털로 31길 93","02-852-0525","대한불교조계종사회복지재단","사회복지법인"
"12","서울","구세군강북종합사회복지관","서울특별시 강북구 인수봉로20가길 24","02-984-5811","대한구세군유지재단법인","재단법인(직영)"
"13","서울","궁동종합사회복지관","서울특별시 구로구 오리로 22길 5","02-2613-9367","대한불교조계종사회복지재단","사회복지법인"
"14","서울","길음종합사회복지관","서울특별시 성북구 삼양로8가길 32","02-985-0161","인덕원","사회복지법인"
"14","서울","길음종합사회복지관","서울특별시 성북구 삼양로8가길 32","02-985-0162","인덕원","사회복지법인"
"14","서울","길음종합사회복지관","서울특별시 성북구 삼양로8가길 32","02-985-0163","인덕원","사회복지법인"
"14","서울","길음종합사회복지관","서울특별시 성북구 삼양로8가길 32","02-985-0164","인덕원","사회복지법인"
"15","서울","까리따스방배종합사회복지관","서울특별시 서초구 남부순환로 2124","02-522-6004","천주교까리따스수녀회유지재단","재단법인(직영)"
"16","서울","노원1종합사회복지관","서울특별시 노원구 월계로 372 사슴아파트 1단지내","02-949-0700","청운보은동산","사회복지법인"
"16","서울","노원1종합사회복지관","서울특별시 노원구 월계로 372 사슴아파트 1단지내","02-949-0701","청운보은동산","사회복지법인"
"16","서울","노원1종합사회복지관","서울특별시 노원구 월계로 372 사슴아파트 1단지내","02-949-0702","청운보은동산","사회복지법인"
"16","서울","노원1종합사회복지관","서울특별시 노원구 월계로 372 사슴아파트 1단지내","02-949-0703","청운보은동산","사회복지법인"
"17","서울","녹번종합사회복지관","서울특별시 은평구 은평로 21길 14-26","02-388-6341","기독교대한감리회사회복지재단","사회복지법인"
"17","서울","녹번종합사회복지관","서울특별시 은평구 은평로 21길 14-26","02-388-6342","기독교대한감리회사회복지재단","사회복지법인"
"17","서울","녹번종합사회복지관","서울특별시 은평구 은평로 21길 14-26","02-388-6343","기독교대한감리회사회복지재단","사회복지법인"
"17","서울","녹번종합사회복지관","서울특별시 은평구 은평로 21길 14-26","02-388-6344","기독교대한감리회사회복지재단","사회복지법인"
"18","서울","능인종합사회복지관","서울특별시 강남구 양재대로 340","02-571-2988","능인선원","사회복지법인(직영)"
"18","서울","능인종합사회복지관","서울특별시 강남구 양재대로 340","02-571-2989","능인선원","사회복지법인(직영)"
"19","서울","대방종합사회복지관","서울특별시 동작구 여의대방로44길 47","02-826-2900","기아대책","사회복지법인"
"19","서울","대방종합사회복지관","서울특별시 동작구 여의대방로44길 47","02-826-2901","기아대책","사회복지법인"
"19","서울","대방종합사회복지관","서울특별시 동작구 여의대방로44길 47","02-826-2902","기아대책","사회복지법인"
"19","서울","대방종합사회복지관","서울특별시 동작구 여의대방로44길 47","02-826-2903","기아대책","사회복지법인"
"20","서울","대청종합사회복지관","서울특별시 강남구 양재대로 55길 10","02-459-6332","밀알복지재단","사회복지법인"
"20","서울","대청종합사회복지관","서울특별시 강남구 양재대로 55길 10","02-459-6333","밀알복지재단","사회복지법인"
"20","서울","대청종합사회복지관","서울특별시 강남구 양재대로 55길 10","02-459-6334","밀알복지재단","사회복지법인"
"21","서울","도봉서원종합사회복지관","서울특별시 도봉구 마들로 668","02-3494-4755","덕성학원","학교법인"
"21","서울","도봉서원종합사회복지관","서울특별시 도봉구 마들로 668","02-3494-4756","덕성학원","학교법인"
"22","서울","동대문종합사회복지관","서울특별시 동대문구 약령시로 5길22","02-920-4500","사회복지법인 삼육재단","사회복지법인"
"23","서울","동작이수사회복지관","서울특별시 동작구 동작대로35차길 7","02-592-3721","한주재단","사회복지법인"
"23","서울","동작이수사회복지관","서울특별시 동작구 동작대로35차길 7","02-592-3722","한주재단","사회복지법인"
"23","서울","동작이수사회복지관","서울특별시 동작구 동작대로35차길 7","02-592-3723","한주재단","사회복지법인"
"24","서울","동작종합사회복지관","서울특별시 동작구 등용로 47","02-814-8114","서울가톨릭사회복지회","사회복지법인"
"24","서울","동작종합사회복지관","서울특별시 동작구 등용로 47","02-814-8115","서울가톨릭사회복지회","사회복지법인"
"25","서울","등촌1종합사회복지관","서울특별시 강서구 강서로68길 36","02-2658-1010","유린보은동산","사회복지법인"
"26","서울","등촌4종합사회복지관","서울특별시 강서구 공항대로 39길 59","02-2658-8800","사회복지법인 훼미피아","사회복지법인"
"27","서울","등촌7종합사회복지관","서울특별시 강서구 공항대로 43길 104","02-2658-6521","서울가톨릭사회복지회","사회복지법인"
"27","서울","등촌7종합사회복지관","서울특별시 강서구 공항대로 43길 104","02-2658-6522","서울가톨릭사회복지회","사회복지법인"
"27","서울","등촌7종합사회복지관","서울특별시 강서구 공항대로 43길 104","02-2658-6523","서울가톨릭사회복지회","사회복지법인"
"27","서울","등촌7종합사회복지관","서울특별시 강서구 공항대로 43길 104","02-2658-6524","서울가톨릭사회복지회","사회복지법인"
"28","서울","등촌9종합사회복지관","서울특별시 강서구 화곡로 63가길 92","02-2658-4129","우리모두복지재단","사회복지법인"
"29","서울","마들사회복지관","서울특별시 노원구 동일로210길 22","02-971-8387","성민","사회복지법인"
"29","서울","마들사회복지관","서울특별시 노원구 동일로210길 22","02-971-8388","성민","사회복지법인"
"30","서울","마천종합사회복지관","서울특별시 송파구 마천로 65길 4","02-449-3141","대한불교조계종사회복지재단","사회복지법인"
"30","서울","마천종합사회복지관","서울특별시 송파구 마천로 65길 4","02-449-3142","대한불교조계종사회복지재단","사회복지법인"
"31","서울","면목종합사회복지관","서울특별시 중랑구 용마산로 228","02-436-0500","자광재단","사회복지법인"
"32","서울","목동종합사회복지관","서울특별시 양천구 목동중앙북로8길 104","02-2651-2332","기독교한국침례회유지재단","사회복지법인"
"33","서울","반포종합사회복지관","서울특별시 서초구 신반포로 33길 22","02-3477-9811","사랑의복지재단","사회복지법인"
"34","서울","방아골종합사회복지관","서울특별시 도봉구 시루봉로17길 42","02-3491-0500","일촌공동체","사단법인"
"35","서울","방화11종합사회복지관","서울특별시 강서구 개화동로 21길 4","02-2661-0670","서울YMCA","재단법인"
"35","서울","방화11종합사회복지관","서울특별시 강서구 개화동로 21길 4","02-2661-0671","서울YMCA","재단법인"
"35","서울","방화11종합사회복지관","서울특별시 강서구 개화동로 21길 4","02-2661-0672","서울YMCA","재단법인"
"35","서울","방화11종합사회복지관","서울특별시 강서구 개화동로 21길 4","02-2661-0673","서울YMCA","재단법인"
"36","서울","방화2종합사회복지관","서울특별시 강서구 방화대로48길 40","02-2662-6661","굿네이버스","사회복지법인"
"36","서울","방화2종합사회복지관","서울특별시 강서구 방화대로48길 40","02-2662-6662","굿네이버스","사회복지법인"
"36","서울","방화2종합사회복지관","서울특별시 강서구 방화대로48길 40","02-2662-6663","굿네이버스","사회복지법인"
"36","서울","방화2종합사회복지관","서울특별시 강서구 방화대로48길 40","02-2662-6664","굿네이버스","사회복지법인"
"37","서울","방화6종합사회복지관","서울특별시 강서구 금낭화로23길 25","02-2666-6181","꿈희망미래재단","사회복지법인"
"37","서울","방화6종합사회복지관","서울특별시 강서구 금낭화로23길 25","02-2666-6182","꿈희망미래재단","사회복지법인"
"37","서울","방화6종합사회복지관","서울특별시 강서구 금낭화로23길 25","02-2666-6183","꿈희망미래재단","사회복지법인"
"37","서울","방화6종합사회복지관","서울특별시 강서구 금낭화로23길 25","02-2666-6184","꿈희망미래재단","사회복지법인"
"38","서울","번동2단지종합사회복지관","서울특별시 강북구 한천로105길 24","02-987-5077","삼동회","사회복지법인"
"38","서울","번동2단지종합사회복지관","서울특별시 강북구 한천로105길 24","02-987-5078","삼동회","사회복지법인"
"38","서울","번동2단지종합사회복지관","서울특별시 강북구 한천로105길 24","02-987-5079","삼동회","사회복지법인"
"39","서울","번동3단지종합사회복지관","서울특별시 강북구 오현로 208, 302동","02-984-6777","기독교대한성결교회사회사업유지재단","사회복지법인"
"39","서울","번동3단지종합사회복지관","서울특별시 강북구 오현로 208, 302동","02-984-6778","기독교대한성결교회사회사업유지재단","사회복지법인"
"40","서울","번동5단지종합사회복지관","서울특별시 강북구 한천로 115길 20","02-981-5077","삼동회","사회복지법인"
"41","서울","본동종합사회복지관","서울특별시 동작구 노량진로32길 79","02-817-8052","대한불교조계종사회복지재단","사회복지법인"
"41","서울","본동종합사회복지관","서울특별시 동작구 노량진로32길 79","02-817-8053","대한불교조계종사회복지재단","사회복지법인"
"42","서울","봉천종합사회복지관","서울특별시 관악구 관악로 254","02-870-4400","YWCA","사회복지법인(직영)"
"43","서울","북부종합사회복지관","서울특별시 노원구 동일로 245길 56","02-934-7711","한국봉사회","사회복지법인(직영)"
"43","서울","북부종합사회복지관","서울특별시 노원구 동일로 245길 56","02-934-7712","한국봉사회","사회복지법인(직영)"
"43","서울","북부종합사회복지관","서울특별시 노원구 동일로 245길 56","02-934-7713","한국봉사회","사회복지법인(직영)"
"43","서울","북부종합사회복지관","서울특별시 노원구 동일로 245길 56","02-934-7714","한국봉사회","사회복지법인(직영)"
"43","서울","북부종합사회복지관","서울특별시 노원구 동일로 245길 56","02-934-7715","한국봉사회","사회복지법인(직영)"
"44","서울","사당종합사회복지관","서울특별시 동작구 사당로14길 20","02-597-3710","숭실재단","학교법인"
"44","서울","사당종합사회복지관","서울특별시 동작구 사당로14길 20","02-597-3711","숭실재단","학교법인"
"44","서울","사당종합사회복지관","서울특별시 동작구 사당로14길 20","02-597-3712","숭실재단","학교법인"
"45","서울","사랑의전화마포종합사회복지관","서울특별시 마포구 만리재로29","02-712-8600","사랑의전화복지재단","사회복지법인(직영)"
"46","서울","삼전종합사회복지관","서울특별시 송파구 백제고분로 32길 35","02-421-6077","승가원","사회복지법인"
"47","서울","상계종합사회복지관","서울특별시 노원구 덕릉로 115나길 25","02-951-9930","서울가톨릭사회복지회","사회복지법인"
"47","서울","상계종합사회복지관","서울특별시 노원구 덕릉로 115나길 25","02-951-9931","서울가톨릭사회복지회","사회복지법인"
"47","서울","상계종합사회복지관","서울특별시 노원구 덕릉로 115나길 25","02-951-9932","서울가톨릭사회복지회","사회복지법인"
"48","서울","상도종합사회복지관","서울특별시 동작구 상도로39가길 7","02-824-6011","기독교대한성결교회 사회사업유지재단","사회복지법인(직영)"
"48","서울","상도종합사회복지관","서울특별시 동작구 상도로39가길 7","02-824-6012","기독교대한성결교회 사회사업유지재단","사회복지법인(직영)"
"48","서울","상도종합사회복지관","서울특별시 동작구 상도로39가길 7","02-824-6013","기독교대한성결교회 사회사업유지재단","사회복지법인(직영)"
"49","서울","생명의전화종합사회복지관","서울특별시 성북구 오패산로 21","02-916-9194","한국생명의전화","사회복지법인(직영)"
"49","서울","생명의전화종합사회복지관","서울특별시 성북구 오패산로 21","02-916-9195","한국생명의전화","사회복지법인(직영)"
"50","서울","서대문종합사회복지관","서울특별시 서대문구 모래내로177","02-375-5040","동방사회복지회","사회복지법인"
"50","서울","서대문종합사회복지관","서울특별시 서대문구 모래내로177","02-375-5041","동방사회복지회","사회복지법인"
"51","서울","서울시립대종합사회복지관","서울특별시 중랑구 신내동 660 신내길 115","02-3421-1988","서울시립대학교","학교법인"
"51","서울","서울시립대종합사회복지관","서울특별시 중랑구 신내동 660 신내길 115","02-3421-1989","서울시립대학교","학교법인"
"52","서울","선의관악종합사회복지관","서울특별시 관악구 양녕로 16길 44-9","02-886-9941","한국선의복지재단","사회복지법인(직영)"
"52","서울","선의관악종합사회복지관","서울특별시 관악구 양녕로 16길 44-9","02-886-9942","한국선의복지재단","사회복지법인(직영)"
"52","서울","선의관악종합사회복지관","서울특별시 관악구 양녕로 16길 44-9","02-886-9943","한국선의복지재단","사회복지법인(직영)"
"53","서울","성내종합사회복지관","서울특별시 강동구 성안로 13길 56","02-478-2555","대한사회복지개발원","사회복지법인"
"53","서울","성내종합사회복지관","서울특별시 강동구 성안로 13길 56","02-478-2556","대한사회복지개발원","사회복지법인"
"53","서울","성내종합사회복지관","서울특별시 강동구 성안로 13길 56","02-478-2557","대한사회복지개발원","사회복지법인"
"54","서울","성동종합사회복지관","서울특별시 성동구 청계천로 506","02-2290-3169","성모성심수도회","재단법인"
"55","서울","성민종합사회복지관","서울특별시 관악구 호암로 549","02-876-0900","경향복지재단","사회복지법인(직영)"
"56","서울","성산종합사회복지관","서울특별시 마포구 월드컵로 215","02-374-5884","이화학당","학교법인"
"56","서울","성산종합사회복지관","서울특별시 마포구 월드컵로 215","02-374-5885","이화학당","학교법인"
"57","서울","성수종합사회복지관","서울특별시 성동구 뚝섬로 1길 43 5층","02-2204-9900","한양학원","학교법인"
"58","서울","송파종합사회복지관","서울특별시 송파구 오금로51길 34","02-401-1919","월드비전","사회복지법인(직영)"
"59","서울","수서명화종합사회복지관","서울특별시 강남구 광평로 51길 49번지","02-459-2696","자선단","사회복지법인"
"59","서울","수서명화종합사회복지관","서울특별시 강남구 광평로 51길 49번지","02-459-2697","자선단","사회복지법인"
"60","서울","수서종합사회복지관","서울특별시 강남구 광평로 56길11","02-459-5504","세이브더칠드런","사회복지법인"
"61","서울","수유종합사회복지관","서울특별시 강북구 삼양로 112길 5","02-903-6940","운가자비원","사회복지법인(직영)"
"62","서울","시립신목종합사회복지관","서울특별시 양천구 신목로 5","02-2643-7222","평화복지재단","사회복지법인"
"62","서울","시립신목종합사회복지관","서울특별시 양천구 신목로 5","02-2643-7223","평화복지재단","사회복지법인"
"63","서울","신길종합사회복지관","서울특별시 영등포구 영등포로84길 24-5","02-831-2755","대한불교조계종사회복지재단","사회복지법인"
"64","서울","신내종합사회복지관","서울특별시 중랑구 봉화산로 153","02-3421-3400","애원복지재단","사회복지법인"
"65","서울","신당종합사회복지관","서울특별시 중구 동호로11길 22","02-2231-1876","서울가톨릭사회복지회","사회복지법인"
"65","서울","신당종합사회복지관","서울특별시 중구 동호로11길 22","02-2231-1877","서울가톨릭사회복지회","사회복지법인"
"65","서울","신당종합사회복지관","서울특별시 중구 동호로11길 22","02-2231-1878","서울가톨릭사회복지회","사회복지법인"
"66","서울","신림종합사회복지관","서울특별시 관악구 난곡로 110","02-851-1767","일송학원(한림대학교)","학교법인"
"66","서울","신림종합사회복지관","서울특별시 관악구 난곡로 110","02-851-1768","일송학원(한림대학교)","학교법인"
"67","서울","신사종합사회복지관","서울특별시 은평구 은평로38","02-376-4141","대한불교조계종사회복지재단","사회복지법인"
"67","서울","신사종합사회복지관","서울특별시 은평구 은평로38","02-376-4142","대한불교조계종사회복지재단","사회복지법인"
"68","서울","신월종합사회복지관","서울시 양천구 신월로 24길 19","02-2605-8728","사회복지법인 한주재단","사회복지법인"
"69","서울","신정종합사회복지관","서울특별시 양천구 신정중앙로 80","02-2603-1792","기아대책","사회복지법인"
"69","서울","신정종합사회복지관","서울특별시 양천구 신정중앙로 80","02-2603-1793","기아대책","사회복지법인"
"70","서울","양재종합사회복지관","서울특별시 서초구 남부순환로 2610","02-579-4783","대한불교조계종봉은","사회복지법인"
"70","서울","양재종합사회복지관","서울특별시 서초구 남부순환로 2610","02-579-4784","대한불교조계종봉은","사회복지법인"
"71","서울","영등포종합사회복지관","서울특별시 영등포구 신길로13길 4","02-845-5331","어린이재단","사회복지법인(직영)"
"72","서울","옥수종합사회복지관","서울특별시 성동구 한림말길 16-5","02-2282-1100","대한불교조계종사회복지재단","사회복지법인"
"73","서울","우면종합사회복지관","서울특별시 서초구 바우뫼로7길 11","02-577-6321","대한불교천태종복지재단","사회복지법인"
"73","서울","우면종합사회복지관","서울특별시 서초구 바우뫼로7길 11","02-577-6322","대한불교천태종복지재단","사회복지법인"
"74","서울","월계종합사회복지관","서울특별시 노원구 초안산로 1길 51","02-999-4211","한국복음주의학원(성서대학교)","학교법인"
"74","서울","월계종합사회복지관","서울특별시 노원구 초안산로 1길 51","02-999-4212","한국복음주의학원(성서대학교)","학교법인"
"74","서울","월계종합사회복지관","서울특별시 노원구 초안산로 1길 51","02-999-4213","한국복음주의학원(성서대학교)","학교법인"
"75","서울","월곡종합사회복지관","서울특별시 성북구 오패산로16길 23","02-911-5511","진각복지재단","사회복지법인"
"76","서울","유락종합사회복지관","서울특별시 중구 퇴계로 460","02-2235-4000","서울가톨릭사회복지회","사회복지법인"
"77","서울","유린원광종합사회복지관","서울특별시 중랑구 신내로 56","02-438-4011","유린보은동산","사회복지법인(직영)"
"78","서울","은평종합사회복지관","서울 은평구 은평터널로 48","02-307-1181","감리회태화복지재단","사회복지법인"
"78","서울","은평종합사회복지관","서울 은평구 은평터널로 48","02-307-1182","감리회태화복지재단","사회복지법인"
"78","서울","은평종합사회복지관","서울 은평구 은평터널로 48","02-307-1183","감리회태화복지재단","사회복지법인"
"79","서울","이대종합사회복지관","서울특별시 서대문구 북아현로 19길 58-21","02-3277-3190","이화학당","학교법인(직영)"
"79","서울","이대종합사회복지관","서울특별시 서대문구 북아현로 19길 58-21","02-3277-3191","이화학당","학교법인(직영)"
"79","서울","이대종합사회복지관","서울특별시 서대문구 북아현로 19길 58-21","02-3277-3192","이화학당","학교법인(직영)"
"79","서울","이대종합사회복지관","서울특별시 서대문구 북아현로 19길 58-21","02-3277-3193","이화학당","학교법인(직영)"
"79","서울","이대종합사회복지관","서울특별시 서대문구 북아현로 19길 58-21","02-3277-3194","이화학당","학교법인(직영)"
"80","서울","자양종합사회복지관","서울특별시 광진구 자양번영로 35","02-458-1664","대한불교조계종사회복지재단","사회복지법인"
"81","서울","잠실종합사회복지관","서울특별시 송파구 올림픽로12길12","02-423-7806","천주교까리따스수녀회","재단법인"
"81","서울","잠실종합사회복지관","서울특별시 송파구 올림픽로12길12","02-423-7807","천주교까리따스수녀회","재단법인"
"82","서울","장안종합사회복지관","서울특별시 동대문구 한천로18길 48","02-2242-7564","감리회태화복지재단","사회복지법인"
"82","서울","장안종합사회복지관","서울특별시 동대문구 한천로18길 48","02-2242-7565","감리회태화복지재단","사회복지법인"
"82","서울","장안종합사회복지관","서울특별시 동대문구 한천로18길 48","02-2242-7566","감리회태화복지재단","사회복지법인"
"83","서울","장위종합사회복지관","서울특별시 성북구 한천로 89길 13","02-918-3073","참나무","사회복지법인(직영)"
"83","서울","장위종합사회복지관","서울특별시 성북구 한천로 89길 13","02-918-3074","참나무","사회복지법인(직영)"
"84","서울","정릉종합사회복지관","서울특별시 성북구 솔샘로 5길 92","02-909-0434","한기장복지재단","사회복지법인"
"84","서울","정릉종합사회복지관","서울특별시 성북구 솔샘로 5길 92","02-909-0435","한기장복지재단","사회복지법인"
"84","서울","정릉종합사회복지관","서울특별시 성북구 솔샘로 5길 92","02-909-0436","한기장복지재단","사회복지법인"
"85","서울","종로종합사회복지관","서울특별시 종로구 지봉로 13길 82","02-766-8282","새문안교회사회복지재단","사회복지법인"
"86","서울","중계종합사회복지관","서울특별시 노원구 덕릉로 662","02-952-0333","한국봉사회","사회복지법인"
"86","서울","중계종합사회복지관","서울특별시 노원구 덕릉로 662","02-952-0334","한국봉사회","사회복지법인"
"86","서울","중계종합사회복지관","서울특별시 노원구 덕릉로 662","02-952-0335","한국봉사회","사회복지법인"
"87","서울","중곡종합사회복지관","서울특별시 광진구 용마산로3길 62","02-3436-4316","예수성심수녀회","재단법인"
"87","서울","중곡종합사회복지관","서울특별시 광진구 용마산로3길 62","02-3436-4317","예수성심수녀회","재단법인"
"88","서울","중림종합사회복지관","서울특별시 중구 서소문로6길 16","02-362-3348","대한불교조계종사회복지재단","사회복지법인"
"89","서울","중앙사회복지관","서울특별시 관악구 봉천로 41길 33","02-872-5802","중앙대학교","학교법인"
"90","서울","창동종합사회복지관","서울특별시 도봉구 덕릉로 329","02-993-3222","여의도순복음연합","사회복지법인"
"91","서울","청담종합사회복지관","서울특별시 금천구 금하로 29길 36,4동","02-806-1376","혜명복지원","사회복지법인(직영)"
"91","서울","청담종합사회복지관","서울특별시 금천구 금하로 29길 36,4동","02-806-1377","혜명복지원","사회복지법인(직영)"
"92","서울","태화기독교사회복지관","서울특별시 강남구 광평로 185","02-2040-1600","감리회태화복지재단","사회복지법인(직영)"
"93","서울","평화종합사회복지관","서울특별시 노원구 노원로 331","02-949-0123","기아대책","사회복지법인"
"93","서울","평화종합사회복지관","서울특별시 노원구 노원로 331","02-949-0124","기아대책","사회복지법인"
"94","서울","풍납종합사회복지관","서울특별시 송파구 강동대로 3길 5","02-474-1201","다산복지재단","사회복지법인"
"94","서울","풍납종합사회복지관","서울특별시 송파구 강동대로 3길 5","02-474-1202","다산복지재단","사회복지법인"
"95","서울","한빛종합사회복지관","서울특별시 양천구 신월로11길 16","02-2690-8762","서울가톨릭사회복지회","사회복지법인"
"95","서울","한빛종합사회복지관","서울특별시 양천구 신월로11길 16","02-2690-8763","서울가톨릭사회복지회","사회복지법인"
"95","서울","한빛종합사회복지관","서울특별시 양천구 신월로11길 16","02-2690-8764","서울가톨릭사회복지회","사회복지법인"
"96","서울","홍은종합사회복지관","서울시 서대문구 세검정로1길 116","02-391-2381","구세군복지재단","사회복지법인"
"96","서울","홍은종합사회복지관","서울시 서대문구 세검정로1길 116","02-391-2382","구세군복지재단","사회복지법인"
"97","서울","화원종합사회복지관","서울특별시 구로구 벚꽃로 484","02-837-0761","한국장로교복지재단","사회복지법인"
"98","서울","효창종합사회복지관","서울특별시 용산구 효창원로 146-12","02-716-0600","기독교한국침례회유지재단","재단법인"
"99","부산","감만종합사회복지관","부산광역시 남구 우암로 84-1","051-634-3415","로사리오 카리타스","사회복지법인"
"100","부산","강서구종합사회복지관","부산광역시 강서구 대저로 63번길 31","051-972-4591","YWCA","사회복지법인"
"100","부산","강서구종합사회복지관","부산광역시 강서구 대저로 63번길 31","051-972-4592","YWCA","사회복지법인"
"101","부산","개금종합사회복지관","부산광역시 부산진구 백양관문로77번길 140","051-893-5034","불국토","사회복지법인"
"102","부산","거제종합사회복지관","부산광역시 연제구 아시아드대로 46번길 45","051-507-8171","학교법인 화신학원","학교법인"
"102","부산","거제종합사회복지관","부산광역시 연제구 아시아드대로 46번길 45","051-507-8172","학교법인 화신학원","학교법인"
"102","부산","거제종합사회복지관","부산광역시 연제구 아시아드대로 46번길 45","051-507-8173","학교법인 화신학원","학교법인"
"102","부산","거제종합사회복지관","부산광역시 연제구 아시아드대로 46번길 45","051-507-8174","학교법인 화신학원","학교법인"
"103","부산","공창종합사회복지관","부산광역시 북구 효열로 268","051-363-2063","공덕향","사회복지법인"
"103","부산","공창종합사회복지관","부산광역시 북구 효열로 268","051-363-2064","공덕향","사회복지법인"
"103","부산","공창종합사회복지관","부산광역시 북구 효열로 268","051-363-2065","공덕향","사회복지법인"
"103","부산","공창종합사회복지관","부산광역시 북구 효열로 268","051-363-2066","공덕향","사회복지법인"
"104","부산","구평종합사회복지관","부산광역시 사하구 을숙도대로 744","051-263-3045","다가세","사단법인"
"104","부산","구평종합사회복지관","부산광역시 사하구 을숙도대로 744","051-263-3046","다가세","사단법인"
"105","부산","금곡종합사회복지관","부산광역시 북구 효열로 144","051-365-2211","자연수복지재단","사회복지법인(직영)"
"106","부산","금정구종합사회복지관","부산광역시 금정구 반송로 490번길 47","051-532-0115","사회복지법인 범어","사회복지법인"
"106","부산","금정구종합사회복지관","부산광역시 금정구 반송로 490번길 47","051-532-0116","사회복지법인 범어","사회복지법인"
"106","부산","금정구종합사회복지관","부산광역시 금정구 반송로 490번길 47","051-532-0117","사회복지법인 범어","사회복지법인"
"106","부산","금정구종합사회복지관","부산광역시 금정구 반송로 490번길 47","051-532-0118","사회복지법인 범어","사회복지법인"
"107","부산","기장종합사회복지관","부산광역시 기장군 기장읍 차성로206","051-723-0415","부산광역시 기장군도시관리공단","기타(공단)"
"108","부산","낙동종합사회복지관","부산광역시 강서구 순아강변길 5","051-271-0560","진각복지회","사회복지법인"
"108","부산","낙동종합사회복지관","부산광역시 강서구 순아강변길 5","051-271-0561","진각복지회","사회복지법인"
"109","부산","남광종합사회복지관","부산광역시 금정구 중앙대로 2349번길 3","051-508-1997","남광사회복지회","사회복지법인(직영)"
"110","부산","남구종합사회복지관","부산광역시 남구 동제당로 258","051-647-3655","한성학원(경성대학교)","학교법인"
"110","부산","남구종합사회복지관","부산광역시 남구 동제당로 258","051-647-3656","한성학원(경성대학교)","학교법인"
"111","부산","남산정종합사회복지관","부산광역시 북구 만덕대로 155번길 86-9호","051-342-8206","청록복지재단","사회복지법인"
"111","부산","남산정종합사회복지관","부산광역시 북구 만덕대로 155번길 86-9호","051-342-8207","청록복지재단","사회복지법인"
"112","부산","다대종합사회복지관","부산광역시 사하구 다대로 440","051-264-5420","행복한오늘","사회복지법인"
"112","부산","다대종합사회복지관","부산광역시 사하구 다대로 440","051-264-5421","행복한오늘","사회복지법인"
"113","부산","당감종합사회복지관","부산광역시 부산진구 당감서로16","051-896-2320","로사리오 카리타스","사회복지법인"
"113","부산","당감종합사회복지관","부산광역시 부산진구 당감서로16","051-896-2321","로사리오 카리타스","사회복지법인"
"114","부산","덕천종합사회복지관","부산광역시 북구 덕천로74","051-331-4674","삼동회","사회복지법인"
"114","부산","덕천종합사회복지관","부산광역시 북구 덕천로74","051-331-4675","삼동회","사회복지법인"
"115","부산","동구종합사회복지관","부산광역시 동구 안창로 57","051-633-3367","재단법인 한결재단","재단법인"
"115","부산","동구종합사회복지관","부산광역시 동구 안창로 57","051-633-3368","재단법인 한결재단","재단법인"
"115","부산","동구종합사회복지관","부산광역시 동구 안창로 57","051-633-3369","재단법인 한결재단","재단법인"
"116","부산","동래종합사회복지관","부산광역시 동래구 시실로 107번길 154","051-531-2460","양덕사회문화원","사회복지법인"
"116","부산","동래종합사회복지관","부산광역시 동래구 시실로 107번길 154","051-531-2461","양덕사회문화원","사회복지법인"
"117","부산","동삼사회복지관","부산광역시 영도구 동삼북로 2","051-405-2133","불국토","사회복지법인"
"118","부산","동원종합사회복지관","부산광역시 북구 금곡대로 616번길 10-9","051-361-0045","부산YMCA","재단법인"
"118","부산","동원종합사회복지관","부산광역시 북구 금곡대로 616번길 10-9","051-361-0046","부산YMCA","재단법인"
"118","부산","동원종합사회복지관","부산광역시 북구 금곡대로 616번길 10-9","051-361-0047","부산YMCA","재단법인"
"119","부산","두송종합사회복지관","부산광역시 사하구 다송로59","051-265-9471","늘기쁜마을","사회복지법인"
"119","부산","두송종합사회복지관","부산광역시 사하구 다송로59","051-265-9472","늘기쁜마을","사회복지법인"
"119","부산","두송종합사회복지관","부산광역시 사하구 다송로59","051-265-9473","늘기쁜마을","사회복지법인"
"119","부산","두송종합사회복지관","부산광역시 사하구 다송로59","051-265-9474","늘기쁜마을","사회복지법인"
"119","부산","두송종합사회복지관","부산광역시 사하구 다송로59","051-265-9475","늘기쁜마을","사회복지법인"
"120","부산","만덕종합사회복지관","부산광역시 북구 함박봉로 140번길 102","051-332-8004","로뎀복지재단","사회복지법인"
"121","부산","모라종합사회복지관","부산광역시 사상구 모라로 110번길 129","051-304-9876","청십자사회복지회","사회복지법인"
"121","부산","모라종합사회복지관","부산광역시 사상구 모라로 110번길 129","051-304-9877","청십자사회복지회","사회복지법인"
"121","부산","모라종합사회복지관","부산광역시 사상구 모라로 110번길 129","051-304-9878","청십자사회복지회","사회복지법인"
"122","부산","몰운대종합사회복지관","부산 사하구 다대낙조2길 17","051-264-9033","내원","사회복지법인"
"123","부산","반석종합사회복지관","부산광역시 해운대구 신반송로 159","051-542-0196","인본의료재단","의료법인"
"123","부산","반석종합사회복지관","부산광역시 해운대구 신반송로 159","051-542-0197","인본의료재단","의료법인"
"124","부산","반송종합사회복지관","부산광역시 해운대구 아랫반송로 1번길 15","051-544-8006","부산YMCA","재단법인"
"124","부산","반송종합사회복지관","부산광역시 해운대구 아랫반송로 1번길 15","051-544-8007","부산YMCA","재단법인"
"124","부산","반송종합사회복지관","부산광역시 해운대구 아랫반송로 1번길 15","051-544-8008","부산YMCA","재단법인"
"124","부산","반송종합사회복지관","부산광역시 해운대구 아랫반송로 1번길 15","051-544-8009","부산YMCA","재단법인"
"125","부산","반여종합사회복지관","부산광역시 해운대구 재반로 226번길 13-73","051-784-0552","설봉학원(동부산대학)","학교법인"
"125","부산","반여종합사회복지관","부산광역시 해운대구 재반로 226번길 13-73","051-784-0553","설봉학원(동부산대학)","학교법인"
"125","부산","반여종합사회복지관","부산광역시 해운대구 재반로 226번길 13-73","051-784-0554","설봉학원(동부산대학)","학교법인"
"126","부산","백양종합사회복지관","부산광역시 사상구 모라로 192번길 20-33","051-305-4286","세이브더칠드런코리아","사회복지법인"
"126","부산","백양종합사회복지관","부산광역시 사상구 모라로 192번길 20-33","051-305-4287","세이브더칠드런코리아","사회복지법인"
"127","부산","부산기독교종합사회복지관","부산광역시 서구 까치고개로229번길 40","051-257-9404","감리회태화복지재단","사회복지법인(직영)"
"127","부산","부산기독교종합사회복지관","부산광역시 서구 까치고개로229번길 40","051-257-9405","감리회태화복지재단","사회복지법인(직영)"
"127","부산","부산기독교종합사회복지관","부산광역시 서구 까치고개로229번길 40","051-257-9406","감리회태화복지재단","사회복지법인(직영)"
"127","부산","부산기독교종합사회복지관","부산광역시 서구 까치고개로229번길 40","051-257-9407","감리회태화복지재단","사회복지법인(직영)"
"128","부산","부산종합사회복지관(로사)","부산 수영구 금련로43번길 54","051-755-3367","로사사회봉사회","사회복지법인(직영)"
"128","부산","부산종합사회복지관(로사)","부산 수영구 금련로43번길 54","051-755-3368","로사사회봉사회","사회복지법인(직영)"
"128","부산","부산종합사회복지관(로사)","부산 수영구 금련로43번길 54","051-755-3369","로사사회봉사회","사회복지법인(직영)"
"129","부산","부산진구종합사회복지관","부산광역시 부산진구 복지로 117-12번지","051-893-0035","YWCA","사회복지법인"
"129","부산","부산진구종합사회복지관","부산광역시 부산진구 복지로 117-12번지","051-893-0036","YWCA","사회복지법인"
"130","부산","사상구종합사회복지관","부산광역시 사상구 백양대로 527","051-311-5739","대한성공회유지재단","재단법인"
"131","부산","사직종합사회복지관","부산광역시 동래구 사직북로 63번길 20-7","051-506-5757","박영학원(신라대학교)","학교법인"
"132","부산","사하구종합사회복지관","부산광역시 사하구 감내2로 21","051-293-2688","로사리오 카리타스","사회복지법인"
"133","부산","상리종합사회복지관","부산광역시 영도구 상리로 63-16","051-404-5061","한국재활재단","사회복지법인"
"134","부산","서구종합사회복지관","부산광역시 서구 망양로 193번길 104","051-253-1922","로사리오 카리타스","사회복지법인"
"135","부산","어린이재단 부산종합사회복지관","부산광역시 동구 수정공원로 15","051-465-0990","어린이재단","사회복지법인(직영)"
"136","부산","연제종합사회복지관","부산광역시 연제구 마곡천로 29-8","051-863-8360","월드비전","사회복지법인"
"136","부산","연제종합사회복지관","부산광역시 연제구 마곡천로 29-8","051-863-8361","월드비전","사회복지법인"
"137","부산","영도구종합사회복지관","부산광역시 영도구 산정길 138","051-413-4661","호산사회복지회","사회복지법인"
"138","부산","영진종합사회복지관","부산광역시 해운대구 반여로 165","051-529-0005","영진복지재단","사회복지법인(직영)"
"138","부산","영진종합사회복지관","부산광역시 해운대구 반여로 165","051-529-0006","영진복지재단","사회복지법인(직영)"
"138","부산","영진종합사회복지관","부산광역시 해운대구 반여로 165","051-529-0007","영진복지재단","사회복지법인(직영)"
"139","부산","와치종합사회복지관","부산광역시 영도구 함지로79번길 76","051-403-4200","남광사회복지회","사회복지법인"
"139","부산","와치종합사회복지관","부산광역시 영도구 함지로79번길 76","051-403-4201","남광사회복지회","사회복지법인"
"140","부산","용호종합사회복지관","부산 남구 이기대공원로 7","051-628-6737","불국토","사회복지법인"
"140","부산","용호종합사회복지관","부산 남구 이기대공원로 7","051-628-6738","불국토","사회복지법인"
"140","부산","용호종합사회복지관","부산 남구 이기대공원로 7","051-628-6739","불국토","사회복지법인"
"141","부산","운봉종합사회복지관","부산광역시 해운대구 신반송로 200","051-543-2431","홀트아동복지회","사회복지법인"
"141","부산","운봉종합사회복지관","부산광역시 해운대구 신반송로 200","051-543-2432","홀트아동복지회","사회복지법인"
"142","부산","장선종합사회복지관","부산광역시 북구 시랑로 114번길 45","051-336-7007","장선종합복지공동체","사회복지법인(직영)"
"142","부산","장선종합사회복지관","부산광역시 북구 시랑로 114번길 45","051-336-7008","장선종합복지공동체","사회복지법인(직영)"
"143","부산","전포종합사회복지관","부산광역시 부산진구 전포대로 190번길 35","051-802-6383","동의학원","학교법인"
"143","부산","전포종합사회복지관","부산광역시 부산진구 전포대로 190번길 35","051-802-6384","동의학원","학교법인"
"143","부산","전포종합사회복지관","부산광역시 부산진구 전포대로 190번길 35","051-802-6385","동의학원","학교법인"
"144","부산","절영종합사회복지관","부산광역시 영도구 함지로 33-10","051-404-5530","남광사회복지회","사회복지법인"
"144","부산","절영종합사회복지관","부산광역시 영도구 함지로 33-10","051-404-5531","남광사회복지회","사회복지법인"
"145","부산","중구종합사회복지관","부산광역시 중구 대청동 4가 75-7번지","051-464-3137","로사리오 카리타스","사회복지법인"
"146","부산","파랑새종합사회복지관","부산광역시 해운대구 신반송로 21","051-545-0115","성실원","사회복지법인(직영)"
"146","부산","파랑새종합사회복지관","부산광역시 해운대구 신반송로 21","051-545-0116","성실원","사회복지법인(직영)"
"146","부산","파랑새종합사회복지관","부산광역시 해운대구 신반송로 21","051-545-0117","성실원","사회복지법인(직영)"
"147","부산","학장종합사회복지관","부산광역시 사상구 학감대로 49번길 28-70","051-311-4017","부산생명의전화","사회복지법인"
"148","부산","해운대종합사회복지관","부산광역시 해운대구 재반로 12번길 16","051-782-5005","인천사회사업재단","사회복지법인(직영)"
"148","부산","해운대종합사회복지관","부산광역시 해운대구 재반로 12번길 16","051-782-5006","인천사회사업재단","사회복지법인(직영)"
"148","부산","해운대종합사회복지관","부산광역시 해운대구 재반로 12번길 16","051-782-5007","인천사회사업재단","사회복지법인(직영)"
"149","부산","홀트수영종합사회복지관","부산광역시 수영구 장대골로 20-5","051-760-3600","홀트아동복지회","사회복지법인(직영)"
"150","부산","화명종합사회복지관","부산광역시 북구 금곡대로 199번길 21","051-338-2233","사회복지법인 범어","사회복지법인"
"151","부산","화정종합사회복지관","부산광역시 북구 효열로 76","051-362-0111","인천사회사업재단","사회복지법인"
"151","부산","화정종합사회복지관","부산광역시 북구 효열로 76","051-362-0112","인천사회사업재단","사회복지법인"
"151","부산","화정종합사회복지관","부산광역시 북구 효열로 76","051-362-0113","인천사회사업재단","사회복지법인"
"152","대구","가정종합사회복지관","대구광역시 북구 대동로 10길9","053-955-8310","가정복지회","사회복지법인(직영)"
"153","대구","남구종합사회복지관","대구광역시 남구 중앙대로38길 17","053-476-7700","함께하는마음재단","사회복지법인"
"154","대구","남산기독교종합사회복지관","대구광역시 중구 관덕정길 16","053-257-1244","대구남산복지재단","사회복지법인(직영)"
"155","대구","남산종합사회복지관","대구광역시 중구 남산로7길 80","053-254-2562","대구광역시장애인재활협회","재단법인"
"156","대구","달서구본동종합사회복지관","대구 달서구 송현로 113 본동주공아파트","053-636-5567","대구가톨릭사회복지회","사회복지법인"
"156","대구","달서구본동종합사회복지관","대구 달서구 송현로 113 본동주공아파트","053-636-5568","대구가톨릭사회복지회","사회복지법인"
"156","대구","달서구본동종합사회복지관","대구 달서구 송현로 113 본동주공아파트","053-636-5569","대구가톨릭사회복지회","사회복지법인"
"157","대구","달서구학산종합사회복지관","대구광역시 달서구 월성로 77","053-634-7230","대구가톨릭사회복지회","사회복지법인"
"157","대구","달서구학산종합사회복지관","대구광역시 달서구 월성로 77","053-634-7231","대구가톨릭사회복지회","사회복지법인"
"158","대구","달성군종합사회복지관","대구광역시 달성군 논공읍 논공로 697-9","053-615-9191","대구가톨릭사회복지회","사회복지법인"
"159","대구","대구종합사회복지관","대구시 동구 율하동로 26길 67","053-964-3335","어린이재단","사회복지법인(직영)"
"160","대구","동촌종합사회복지관","대구광역시 동구 입석로 5","053-983-8211","아시아복지재단","사회복지법인(직영)"
"160","대구","동촌종합사회복지관","대구광역시 동구 입석로 5","053-983-8212","아시아복지재단","사회복지법인(직영)"
"161","대구","범물종합사회복지관","대구광역시 수성구 범안로 79-0","053-781-2000","월드비전","사회복지법인"
"161","대구","범물종합사회복지관","대구광역시 수성구 범안로 79-0","053-781-2001","월드비전","사회복지법인"
"161","대구","범물종합사회복지관","대구광역시 수성구 범안로 79-0","053-781-2002","월드비전","사회복지법인"
"161","대구","범물종합사회복지관","대구광역시 수성구 범안로 79-0","053-781-2003","월드비전","사회복지법인"
"162","대구","본리종합사회복지관","대구광역시 달서구 당산로 37-14(본리동)","053-563-1007","홀트아동복지회","사회복지법인"
"163","대구","산격종합사회복지관","대구광역시 북구 연암로 183","053-381-9193","대구생명의전화","사회복지법인"
"163","대구","산격종합사회복지관","대구광역시 북구 연암로 183","053-381-9194","대구생명의전화","사회복지법인"
"163","대구","산격종합사회복지관","대구광역시 북구 연암로 183","053-381-9195","대구생명의전화","사회복지법인"
"164","대구","상인종합사회복지관","대구광역시 달서구 상화로 371","053-641-1100","대구가톨릭사회복지회","사회복지법인"
"164","대구","상인종합사회복지관","대구광역시 달서구 상화로 371","053-641-1101","대구가톨릭사회복지회","사회복지법인"
"165","대구","서구종합사회복지관","대구광역시 서구 달구벌대로 365길 3","053-563-0777","대구가톨릭사회복지회","사회복지법인"
"166","대구","선린종합사회복지관","대구광역시 북구 관음동로 9길 10-25","053-323-2297","선린복지재단","사회복지법인(직영)"
"167","대구","성서종합사회복지관","대구광역시 달서구 신당로 56 성서주공1단지 내","053-583-1284","전석복지재단","사회복지법인"
"167","대구","성서종합사회복지관","대구광역시 달서구 신당로 56 성서주공1단지 내","053-583-1285","전석복지재단","사회복지법인"
"167","대구","성서종합사회복지관","대구광역시 달서구 신당로 56 성서주공1단지 내","053-583-1286","전석복지재단","사회복지법인"
"168","대구","신당종합사회복지관","대구광역시 달서구 신당로 55","053-581-8310","가정복지회","사회복지법인"
"169","대구","안심제1종합사회복지관","대구광역시 동구 안심로 22길 3","053-962-3831","전석복지재단","사회복지법인"
"169","대구","안심제1종합사회복지관","대구광역시 동구 안심로 22길 3","053-962-3832","전석복지재단","사회복지법인"
"169","대구","안심제1종합사회복지관","대구광역시 동구 안심로 22길 3","053-962-3833","전석복지재단","사회복지법인"
"170","대구","안심종합사회복지관","대구광역시 동구 율하동로 76","053-962-4137","대구대교구천주교유지재단","재단법인"
"171","대구","월성종합사회복지관","대구광역시 달서구 학산로 7길 39","053-634-4113","대구시사회복지협의회","사회복지법인"
"172","대구","제일기독종합사회복지관","대구광역시 동구 송라로 2길 17-6","053-755-9392","기독교대한감리회사회복지재단","사회복지법인(직영)"
"173","대구","제일종합사회복지관","대구광역시 서구 옥산로6길 9","053-353-8310","가정복지회","사회복지법인"
"174","대구","지산종합사회복지관","대구광역시 수성구 용학로 325","053-781-5156","삼동회","사회복지법인"
"175","대구","청곡종합사회복지관","대구광역시 수성구 노변공원로 49-1","053-793-9411","아시아복지재단","사회복지법인(직영)"
"175","대구","청곡종합사회복지관","대구광역시 수성구 노변공원로 49-1","053-793-9412","아시아복지재단","사회복지법인(직영)"
"175","대구","청곡종합사회복지관","대구광역시 수성구 노변공원로 49-1","053-793-9413","아시아복지재단","사회복지법인(직영)"
"176","대구","홀트대구종합사회복지관","대구광역시 수성구 달구벌대로 488길 13","053-746-7501","홀트아동복지회","사회복지법인(직영)"
"177","대구","황금종합사회복지관","대구광역시 수성구 청수로 45길 41번지","053-768-1252","아시아복지재단","사회복지법인"
"177","대구","황금종합사회복지관","대구광역시 수성구 청수로 45길 41번지","053-768-1253","아시아복지재단","사회복지법인"
"177","대구","황금종합사회복지관","대구광역시 수성구 청수로 45길 41번지","053-768-1254","아시아복지재단","사회복지법인"
"178","인천","갈산종합사회복지관","인천광역시 부평구 주부토로 206","032-515-8187","인천카톨릭사회복지회","사회복지법인"
"178","인천","갈산종합사회복지관","인천광역시 부평구 주부토로 206","032-515-8188","인천카톨릭사회복지회","사회복지법인"
"179","인천","계양종합사회복지관","인천광역시 계양구 아나지로517","032-552-9090","명성복지회","사회복지법인(직영)"
"179","인천","계양종합사회복지관","인천광역시 계양구 아나지로517","032-552-9091","명성복지회","사회복지법인(직영)"
"180","인천","논현종합사회복지관","인천광역시 남동구 호구포로 292","032-446-9339","재대한구세군유지재단법인","재단법인"
"181","인천","만수종합사회복지관","인천 남동구 담방로 105 만주주공아파트","032-463-8161","남동구청","구직영"
"182","인천","만월종합사회복지관","인천광역시 남동구 서판로 54번길 12","032-471-9070","인천교구천주교회유지재단","재단법인"
"183","인천","미추홀종합사회복지관","인천광역시 남구 염창로 97","032-876-8181","대한불교조계종사회복지재단","사회복지법인"
"184","인천","백령종합사회복지관","인천광역시 옹진군 백령면 백령로 271번길20","032-836-6001","대한예수교장로회합동측복지재단","사회복지법인"
"184","인천","백령종합사회복지관","인천광역시 옹진군 백령면 백령로 271번길20","032-836-6002","대한예수교장로회합동측복지재단","사회복지법인"
"184","인천","백령종합사회복지관","인천광역시 옹진군 백령면 백령로 271번길20","032-836-6003","대한예수교장로회합동측복지재단","사회복지법인"
"185","인천","부평중부종합사회복지관","인천광역시 부평구 경원대로 1418번길 13","032-528-4020","기독교대한감리회 사회복지재단","사회복지법인(직영)"
"186","인천","삼산종합사회복지관","인천광역시 부평구 평천로 447","032-529-8607","인천YWCA","사회복지법인"
"186","인천","삼산종합사회복지관","인천광역시 부평구 평천로 447","032-529-8608","인천YWCA","사회복지법인"
"186","인천","삼산종합사회복지관","인천광역시 부평구 평천로 447","032-529-8609","인천YWCA","사회복지법인"
"187","인천","선학종합사회복지관","인천광역시 연수구 선학로 14","032-813-6453","월드비전","사회복지법인"
"188","인천","성.미가엘종합사회복지관","인천광역시 중구 송학로 40","032-766-0981","대한성공회유지재단","재단법인(직영)"
"188","인천","성.미가엘종합사회복지관","인천광역시 중구 송학로 40","032-766-0982","대한성공회유지재단","재단법인(직영)"
"189","인천","성산종합사회복지관","인천광역시 남동구 석정로 552","032-437-2500","성산학원","학교법인(직영)"
"190","인천","송림종합사회복지관","인천광역시 동구 송림로43번길 35","032-764-1185","사랑의 샘","사회복지법인(직영)"
"190","인천","송림종합사회복지관","인천광역시 동구 송림로43번길 35","032-764-1186","사랑의 샘","사회복지법인(직영)"
"191","인천","숭의종합사회복지관","인천광역시 남구 독배로 485","032-888-6222","기독교대한감리회사회복지재단","사회복지법인(직영)"
"192","인천","연수세화종합사회복지관","인천광역시 연수구 원인재로 315","032-813-2791","기독교대한감리회사회복지재단","사회복지법인"
"192","인천","연수세화종합사회복지관","인천광역시 연수구 원인재로 315","032-813-2792","기독교대한감리회사회복지재단","사회복지법인"
"192","인천","연수세화종합사회복지관","인천광역시 연수구 원인재로 315","032-813-2793","기독교대한감리회사회복지재단","사회복지법인"
"192","인천","연수세화종합사회복지관","인천광역시 연수구 원인재로 315","032-813-2794","기독교대한감리회사회복지재단","사회복지법인"
"193","인천","연수종합사회복지관","인천광역시 연수구 원인재로212","032-811-8013","어린이재단","사회복지법인"
"194","인천","인천기독교종합사회복지관","인천광역시 서구 심곡로 124번길 10","032-568-3270","감리회태화복지재단","사회복지법인(직영)"
"195","인천","인천종합사회복지관","인천광역시 남구 매소홀로 418번길 14-57","032-873-0541","백암한마음봉사회","사회복지법인(직영)"
"195","인천","인천종합사회복지관","인천광역시 남구 매소홀로 418번길 14-57","032-873-0542","백암한마음봉사회","사회복지법인(직영)"
"195","인천","인천종합사회복지관","인천광역시 남구 매소홀로 418번길 14-57","032-873-0543","백암한마음봉사회","사회복지법인(직영)"
"195","인천","인천종합사회복지관","인천광역시 남구 매소홀로 418번길 14-57","032-873-0544","백암한마음봉사회","사회복지법인(직영)"
"196","인천","주안애종합사회복지관","인천광역시 부평구 부영로 161 주안빌딩 501호","032-513-1998","주안복지재단","사회복지법인(직영)"
"197","인천","창영사회복지관","인천광역시 동구 우각로 57","032-773-1733","기독교대한감리회유지재단","재단법인(직영)"
"197","인천","창영사회복지관","인천광역시 동구 우각로 57","032-773-1734","기독교대한감리회유지재단","재단법인(직영)"
"197","인천","창영사회복지관","인천광역시 동구 우각로 57","032-773-1735","기독교대한감리회유지재단","재단법인(직영)"
"198","광주","각화종합사회복지관","광주광역시 북구 군왕로207번길 6","062-265-1052","무진복지재단","사회복지법인"
"199","광주","금호종합사회복지관","광주광역시 서구 운천로32번길 23","062-376-3017","삼동회","사회복지법인"
"200","광주","꿈나무종합사회복지관","광주광역시 북구 중문로 지하58(우산동)","062-410-6938","광주광역시 북구청","시직영"
"201","광주","동신대학교종합사회복지관","광주광역시  남구 월산로 123번길 10","062-369-1324","동원(동신대학교)","사회복지법인(직영)"
"202","광주","두암종합사회복지관","광주광역시 북구 삼정로 7","062-266-8183","제칠일안식일예수재림교한국연합회유지재단","재단법인"
"203","광주","무등종합사회복지관","광주광역시 북구 삼정로 10","062-268-0093","기독복지회","사회복지법인"
"204","광주","무진종합사회복지관","광주광역시 서구 천변좌하로 594","062-372-2600","월드비전","사회복지법인(직영)"
"205","광주","빛고을종합사회복지관","광주광역시 동구 천변좌로 656","062-234-4563","은성복지회","사회복지법인(직영)"
"205","광주","빛고을종합사회복지관","광주광역시 동구 천변좌로 656","062-234-4564","은성복지회","사회복지법인(직영)"
"206","광주","송광종합사회복지관","광주광역시 광산구 우산로 17","062-941-8248","대한불교조계종사회복지재단","사회복지법인"
"206","광주","송광종합사회복지관","광주광역시 광산구 우산로 17","062-941-8249","대한불교조계종사회복지재단","사회복지법인"
"207","광주","시민종합사회복지관","광주광역시 북구 양일로 76-1","062-571-4100","상록원","사회복지법인(직영)"
"208","광주","시영종합사회복지관","광주광역시 서구 화정로 87-1","062-373-0360","대한예수교장로회전남노회유지재단","재단법인"
"209","광주","쌍촌종합사회복지관","광주광역시  서구 쌍학로 47","062-375-0035","인애동산","사회복지법인"
"209","광주","쌍촌종합사회복지관","광주광역시  서구 쌍학로 47","062-375-0036","인애동산","사회복지법인"
"209","광주","쌍촌종합사회복지관","광주광역시  서구 쌍학로 47","062-375-0037","인애동산","사회복지법인"
"209","광주","쌍촌종합사회복지관","광주광역시  서구 쌍학로 47","062-375-0038","인애동산","사회복지법인"
"210","광주","양지종합사회복지관","광주광역시 남구 제중로 24-10","062-673-1919","양림","사회복지법인(직영)"
"211","광주","오치종합사회복지관","광주광역시 북구 서하로 194번길 6","062-263-8200","가톨릭광주사회복지회","사회복지법인"
"212","광주","우산종합사회복지관","광주광역시 북구 서하로 194번길 6","062-266-3853","대한불교조계종사회복지재단","사회복지법인"
"213","광주","인애종합사회복지관","광주광역시 남구 용대로 91","062-676-5087","인애동산","사회복지법인(직영)"
"214","광주","첨단종합사회복지관","광주광역시 광산구 첨단중앙로160","062-971-9500","광주광역시 광산구청","구직영"
"215","광주","하남종합사회복지관","광주광역시 광산구 월곡산정로 12","062-951-0701","초연","사회복지법인"
"215","광주","하남종합사회복지관","광주광역시 광산구 월곡산정로 12","062-951-0702","초연","사회복지법인"
"216","대전","관저종합사회복지관","대전광역시 서구 구봉로13","042-545-6810","성애원","사회복지법인"
"217","대전","대덕종합사회복지관","대전광역시 대덕구 덕암로 234번길 44","042-936-7344","대전가톨릭사회복지회","사회복지법인"
"218","대전","대동종합사회복지관","대전광역시 동구 백룡로 48번길 79","042-673-8337","평화의마을","사회복지법인"
"219","대전","대전기독교종합사회복지관","대전광역시 중구 보문산로 333번길 29","042-586-1500","감리회 태화복지재단","사회복지법인(직영)"
"220","대전","대전종합사회복지관","대전광역시 대덕구 우암동로 15번길 20","042-627-2957","어린이재단","사회복지법인(직영)"
"220","대전","대전종합사회복지관","대전광역시 대덕구 우암동로 15번길 20","042-627-2958","어린이재단","사회복지법인(직영)"
"221","대전","둔산종합사회복지관","대전광역시 서구 둔산로 241","042-482-2033","대전시사회복지협의회","사회복지법인"
"222","대전","법동종합사회복지관","대전광역시 대덕구 계족로664번길27","042-633-0239","자비복지원","사회복지법인"
"223","대전","보문종합사회복지관","대전 중구 부용로41번길 55","042-716-1001","대한불교조계종사회복지재단","사회복지법인"
"223","대전","보문종합사회복지관","대전 중구 부용로41번길 55","042-716-1002","대한불교조계종사회복지재단","사회복지법인"
"223","대전","보문종합사회복지관","대전 중구 부용로41번길 55","042-716-1003","대한불교조계종사회복지재단","사회복지법인"
"224","대전","산내종합사회복지관","대전광역시 동구 산내로 1352-25","042-272-0591","기독교연합봉사회","사회복지법인"
"224","대전","산내종합사회복지관","대전광역시 동구 산내로 1352-25","042-272-0592","기독교연합봉사회","사회복지법인"
"225","대전","생명종합사회복지관","대전광역시 동구 동부로 56-7","042-283-9191","한국생명의전화","사회복지법인"
"225","대전","생명종합사회복지관","대전광역시 동구 동부로 56-7","042-283-9192","한국생명의전화","사회복지법인"
"226","대전","성락종합사회복지관","대전광역시 중구 선화로43번길 13","042-255-2278","기독교대한성결교회 사회사업유지재단","사회복지법인(직영)"
"227","대전","송강사회복지관","대전광역시 유성구 봉산로 45","042-934-6338","한국침례신학대학원","학교법인"
"227","대전","송강사회복지관","대전광역시 유성구 봉산로 45","042-934-6339","한국침례신학대학원","학교법인"
"228","대전","용문종합사회복지관","대전광역시 서구 계룡로 626-1","042-537-0615","진각복지재단","사회복지법인"
"229","대전","용운종합사회복지관","대전광역시 동구 용운로 110","042-284-5717","사회복지법인 푸른하늘","사회복지법인"
"230","대전","월평종합사회복지관","대전광역시 서구 월평북로 11","042-484-6181","대한예수교장로회대전노회유지재단","재단법인"
"230","대전","월평종합사회복지관","대전광역시 서구 월평북로 11","042-484-6182","대한예수교장로회대전노회유지재단","재단법인"
"231","대전","유성구종합사회복지관","대전광역시 유성구 도안대로589번길 27","042-825-3183","대전가톨릭사회복지회","사회복지법인"
"232","대전","정림종합사회복지관","대전광역시 서구 계백로 1286번길 86","042-584-4451","대한예수교장로회대전노회유지재단","재단법인"
"232","대전","정림종합사회복지관","대전광역시 서구 계백로 1286번길 86","042-584-4452","대한예수교장로회대전노회유지재단","재단법인"
"233","대전","중리종합사회복지관","대전광역시 대덕구 계족로 663번길 34","042-628-1476","삼동회","사회복지법인"
"233","대전","중리종합사회복지관","대전광역시 대덕구 계족로 663번길 34","042-628-1477","삼동회","사회복지법인"
"234","대전","중촌사회복지관","대전광역시 중구 대전천서로 695","042-221-2577","천성원","사회복지법인"
"235","대전","판암사회복지관","대전광역시 동구 옥천로 152-9 판암사회복지관","042-272-8981","열림재단","사회복지법인"
"236","대전","한밭종합사회복지관","대전광역시 서구 월평북로11, 주공아파트 1단지 내","042-484-4323","월드비전","사회복지법인"
"236","대전","한밭종합사회복지관","대전광역시 서구 월평북로11, 주공아파트 1단지 내","042-484-4324","월드비전","사회복지법인"
"237","경기","가야종합사회복지관","경기도 군포시 번영로 331-3","031-395-4894","(재)한국기독교청년회전국연맹유지재단(한국YMCA)","재단법인"
"237","경기","가야종합사회복지관","경기도 군포시 번영로 331-3","031-395-4895","(재)한국기독교청년회전국연맹유지재단(한국YMCA)","재단법인"
"238","경기","갈매사회복지관","경기 구리시 갈매순환로 143 LH갈매1단지 101동 1층","031-571-1118","한양여자대학교 산학협력단","학교법인"
"239","경기","거모종합사회복지관","경기도 시흥시 군자로 466번길 37","031-493-6347","삼우복지재단","사회복지법인(직영)"
"239","경기","거모종합사회복지관","경기도 시흥시 군자로 466번길 37","031-493-6348","삼우복지재단","사회복지법인(직영)"
"239","경기","거모종합사회복지관","경기도 시흥시 군자로 466번길 37","031-493-6349","삼우복지재단","사회복지법인(직영)"
"240","경기","고강종합사회복지관","경기도 부천시 오정구 고리울로 79","032-677-9090","가톨릭학원(가톨릭대학교)","학교법인"
"241","경기","고양시문촌7종합사회복지관","경기도 고양시 일산서구 킨텍스로 340","031-916-4071","천애원","사회복지법인"
"241","경기","고양시문촌7종합사회복지관","경기도 고양시 일산서구 킨텍스로 340","031-916-4072","천애원","사회복지법인"
"242","경기","고양시문촌9종합사회복지관","경기도 고양시 일산서구 중앙로 1449 효원빌딩 702호","031-917-0202","고양YWCA","사단법인"
"243","경기","고양시원당종합사회복지관","경기도 고양시 덕양구 호국로716번길 13-11","031-966-4007","순효학원","학교법인"
"243","경기","고양시원당종합사회복지관","경기도 고양시 덕양구 호국로716번길 13-11","031-966-4008","순효학원","학교법인"
"244","경기","고양시원흥종합사회복지관","경기도 고양시 덕양구 삼원로 102(원흥동)","031-964-9380","효샘","사회복지법인"
"245","경기","고양시일산종합사회복지관","경기도 고양시 일산서구 고양대로 654","031-975-3322","대건 카리타스","사회복지법인"
"246","경기","고양시흰돌종합사회복지관","경기도 고양시 일산동구 장백로 61","031-905-3400","고양YMCA","재단법인"
"246","경기","고양시흰돌종합사회복지관","경기도 고양시 일산동구 장백로 61","031-905-3401","고양YMCA","재단법인"
"247","경기","과천종합사회복지관","경기 과천시 별양상가1로 10 과천타워 3층","02-507-6319","대한불교조계종사회복지재단","사회복지법인"
"248","경기","광교종합사회복지관","경기도 수원시 영통구 대학2로 41","031-212-7255","꿈행복나눔재단","재단법인"
"249","경기","구리시종합사회복지관","경기도 구리시 벌말로129번길 50","031-556-8100","신망애복지재단","사회복지법인"
"250","경기","김포시종합사회복지관","경기도 김포시 사우중로 100","031-989-8271","김포복지재단","재단법인"
"251","경기","나래울사회복지관","경기도 화성시 여울로 2길 33","031-8015-7300","대한성공회유지재단","재단법인"
"252","경기","남양주시남부희망케어센터","경기도 남양주시 와부읍 덕소로71번안길 3","031-593-9023","대한성공회","사회복지법인"
"253","경기","남양주시동부희망케어센터","경기도 남양주시 화도읍 마석중앙로 79","031-511-1062","휴먼복지회","사회복지법인"
"254","경기","남양주시북부희망케어센터","경기도 남양주시 진접읍 해밀예당1로 30-31","031-528-4071","대한불교조계종","사회복지법인"
"255","경기","남양주시서부희망케어센터","경기도 남양주시 진건읍 사릉로 406-1","031-551-2645","삼육재단","사회복지법인"
"256","경기","능실종합사회복지관","경기도 수원시 권선구 호매실로166번길 10","031-291-8475","사단법인 힘찬동네","사단법인"
"257","경기","대야종합사회복지관","경기도 시흥시 호현로 55","031-404-8112","시흥시자원봉사단체협의회","사단법인"
"257","경기","대야종합사회복지관","경기도 시흥시 호현로 55","031-404-8113","시흥시자원봉사단체협의회","사단법인"
"257","경기","대야종합사회복지관","경기도 시흥시 호현로 55","031-404-8114","시흥시자원봉사단체협의회","사단법인"
"258","경기","도촌종합사회복지관","경기도 성남시 중원구 도촌북로 92","031-720-8500","여의도순복음연합","재단법인"
"259","경기","동탄4단지종합사회복지관","경기도 화성시 동탄순환대로 24길 101","031-378-8111","경산복지재단","사회복지법인"
"260","경기","매화종합사회복지관","경기도 군포시 곡란로 26-1 22 매화사회복지관","031-393-3677","연꽃마을","사회복지법인"
"261","경기","목감종합사회복지관","경기도 시흥시 목감초등길 45","031-403-0110","천주교수원교구사회복지회","사회복지법인"
"262","경기","무봉종합사회복지관","경기도 수원시 장안구 경수대로754번길 26-17","031-243-2852","경기사회봉사회","사회복지법인(직영)"
"263","경기","본오종합사회복지관","경기도 안산시 상록구 이호로 39","031-438-8321","천주교수원교구사회복지회","사회복지법인"
"263","경기","본오종합사회복지관","경기도 안산시 상록구 이호로 39","031-438-8322","천주교수원교구사회복지회","사회복지법인"
"263","경기","본오종합사회복지관","경기도 안산시 상록구 이호로 39","031-438-8323","천주교수원교구사회복지회","사회복지법인"
"264","경기","부곡종합사회복지관","경기도 안산시 상록구 성호로 303 (부곡동)","031-417-3677","연꽃마을","사회복지법인"
"265","경기","부락종합사회복지관","경기도 평택시 서정로 303","031-611-4820","천주교수원교구사회복지회","사회복지법인"
"266","경기","부천시덕유사회복지관","경기도 부천시 원미구 도약로 146번지 (덕유마을내)","032-325-2161","대한불교조계종 석왕사 룸비니","사회복지법인"
"266","경기","부천시덕유사회복지관","경기도 부천시 원미구 도약로 146번지 (덕유마을내)","032-325-2162","대한불교조계종 석왕사 룸비니","사회복지법인"
"267","경기","부천시상동종합사회복지관","경기 부천시 석천로 54","032-652-0420","사회복지법인 양지바른","사회복지법인"
"268","경기","부천종합사회복지관","경기도 부천시 소사구 호현로 489번길 50","032-349-3100","서울신학대학교","학교법인(직영)"
"268","경기","부천종합사회복지관","경기도 부천시 소사구 호현로 489번길 50","032-349-3101","서울신학대학교","학교법인(직영)"
"268","경기","부천종합사회복지관","경기도 부천시 소사구 호현로 489번길 50","032-349-3102","서울신학대학교","학교법인(직영)"
"269","경기","부흥종합사회복지관","경기도 안양시 동안구 달안로 39","031-382-7557","한국장로교복지재단","사회복지법인"
"270","경기","분당종합사회복지관","경기도 성남시 분당구 정자일로 33","031-715-1063","분당사회관","사회복지법인(직영)"
"271","경기","산성종합사회복지관","경기도 성남시 수정구 수정남로306번길 15-16","031-746-0453","새날복지회","사단법인"
"272","경기","삼정종합사회복지관","경기도 부천시 오정구 삼작로 52","032-323-3162","한국장로교복지재단","사회복지법인"
"273","경기","성남위례종합사회복지관","경기 성남시 수정구 위례광장로 311","031-758-0701","미래복지경영","사단법인"
"274","경기","성남종합사회복지관","경기도 성남시 중원구 금빛로89","031-748-7151","월드비전","사회복지법인(직영)"
"275","경기","시립광명종합사회복지관","경기도 광명시 오리로 1018","02-2687-2921","한국재활재단","사회복지법인"
"276","경기","심곡종합사회복지관","경기도 부천시 소사구 심곡로 9번길 54","032-665-6061","기독교대한감리회 사회복지재단","사회복지법인"
"277","경기","안산시선부종합사회복지관","경기도 안산시 단원구 화정로 9","031-410-6070","기독교대한감리회사회복지재단","사회복지법인"
"278","경기","안산시와동종합사회복지관","경기도 안산시 단원구 와동로 118","031-475-4321","굿프랜드복지재단","사회복지법인"
"279","경기","안산시초지종합사회복지관","경기도 안산시 단원구 원초로 76","031-410-2151","안산제일복지재단","사회복지법인"
"280","경기","안성종합사회복지관","경기도 안성시 산수유길 15","031-671-0631","성결원","사회복지법인(직영)"
"280","경기","안성종합사회복지관","경기도 안성시 산수유길 15","031-671-0632","성결원","사회복지법인(직영)"
"280","경기","안성종합사회복지관","경기도 안성시 산수유길 15","031-671-0633","성결원","사회복지법인(직영)"
"281","경기","안양시비산종합사회복지관","경기도 안양시 동안구 임곡로 74","031-446-5936","성결신학원(성결대학교)","학교법인"
"282","경기","안양시율목종합사회복지관","경기도 안양시 만안구 병목안로 130번길 166","031-466-9125","기독교대한감리회 사회복지재단","사회복지법인"
"282","경기","안양시율목종합사회복지관","경기도 안양시 만안구 병목안로 130번길 166","031-466-9126","기독교대한감리회 사회복지재단","사회복지법인"
"282","경기","안양시율목종합사회복지관","경기도 안양시 만안구 병목안로 130번길 166","031-466-9127","기독교대한감리회 사회복지재단","사회복지법인"
"283","경기","양평군종합사회복지관","경기도 양평군 용문면 용문역길 67","031-775-7741","대한불교조계종사회복지재단","사회복지법인"
"284","경기","연무사회복지관","경기도 수원시 장안구 창룡대로 151번길 8","031-245-7576","경기사회봉사회","사회복지법인"
"285","경기","영통종합사회복지관","경기도 수원시 영통구 반달로 45","031-201-8300","대한불교조계종사회복지재단","사회복지법인"
"286","경기","오산남부종합사회복지관","경기도 오산시 오산로 132번길 28-5","031-376-6193","유린보은동산","사회복지법인"
"287","경기","오산세교종합사회복지관","경기도 오산시 수청로 192, 4층","031-290-8501","세교복지재단","사회복지법인"
"288","경기","오산종합사회복지관","경기도 오산시 현충로 104","031-378-2740","한신대학교 산학협력단","재단법인"
"289","경기","용인종합사회복지관","경기 용인시 처인구 이동면 이원로 69-8","031-334-9966","혜린","사회복지법인(직영)"
"289","경기","용인종합사회복지관","경기 용인시 처인구 이동면 이원로 69-8","031-334-9967","혜린","사회복지법인(직영)"
"289","경기","용인종합사회복지관","경기 용인시 처인구 이동면 이원로 69-8","031-334-9968","혜린","사회복지법인(직영)"
"290","경기","우만종합사회복지관","경기도 수원시 팔달구 창룡대로 210번길 13","031-254-1992","천주교수원교구사회복지회","사회복지법인"
"290","경기","우만종합사회복지관","경기도 수원시 팔달구 창룡대로 210번길 13","031-254-1993","천주교수원교구사회복지회","사회복지법인"
"290","경기","우만종합사회복지관","경기도 수원시 팔달구 창룡대로 210번길 13","031-254-1994","천주교수원교구사회복지회","사회복지법인"
"291","경기","원미사회복지관","경기도 부천시 원미구 조종로 68번가길 4","032-663-0108","대한불교조계종석왕사룸비니","사회복지법인"
"292","경기","원종종합사회복지관","경기도 부천시 오정구 성오로 149번길 18","032-677-0108","대한불교조계종 석왕사 룸비니","사회복지법인"
"293","경기","의정부시종합사회복지관","경기도 의정부시 회룡로 192번길 11(장암동)","031-874-8082","의정부YMCA","재단법인"
"294","경기","작은자리종합사회복지관","경기도 시흥시 시흥대로 1087","031-313-6249","복음자리","사회복지법인(직영)"
"295","경기","정왕종합사회복지관","경기 시흥시 정왕대로233번길 27","031-319-6195","복음자리","사회복지법인"
"295","경기","정왕종합사회복지관","경기 시흥시 정왕대로233번길 27","031-319-6196","복음자리","사회복지법인"
"295","경기","정왕종합사회복지관","경기 시흥시 정왕대로233번길 27","031-319-6197","복음자리","사회복지법인"
"296","경기","주몽종합사회복지관","경기도 군포시 광정로 122","031-398-4781","한기장복지재단","사회복지법인"
"296","경기","주몽종합사회복지관","경기도 군포시 광정로 122","031-398-4782","한기장복지재단","사회복지법인"
"296","경기","주몽종합사회복지관","경기도 군포시 광정로 122","031-398-4783","한기장복지재단","사회복지법인"
"297","경기","중탑종합사회복지관","경기도 성남시 분당구 판교로 607(목련마을 주공1단지 내)","031-706-0167","할렐루야복지재단","사회복지법인"
"297","경기","중탑종합사회복지관","경기도 성남시 분당구 판교로 607(목련마을 주공1단지 내)","031-706-0168","할렐루야복지재단","사회복지법인"
"297","경기","중탑종합사회복지관","경기도 성남시 분당구 판교로 607(목련마을 주공1단지 내)","031-706-0169","할렐루야복지재단","사회복지법인"
"298","경기","철산종합사회복지관","경기도 광명시 연서일로 4-3","02-2617-0410","대한불교조계종사회복지재단","사회복지법인"
"299","경기","청계종합사회복지관","경기도 의왕시 덕장로 19","031-345-2181","의왕시청","시직영"
"300","경기","청솔종합사회복지관","경기도 성남시 분당구 미금로 246","031-714-6333","대한불교천태종복지재단","사회복지법인"
"301","경기","춘의종합사회복지관","경기도 부천시 원미구 원미로 202","032-653-6131","가톨릭학원(가톨릭대학교)","학교법인"
"301","경기","춘의종합사회복지관","경기도 부천시 원미구 원미로 202","032-653-6132","가톨릭학원(가톨릭대학교)","학교법인"
"302","경기","파주시문산종합사회복지관","경기 파주시 문산읍 통일로 1680","031-934-2000","광성복지재단","사회복지법인"
"302","경기","파주시문산종합사회복지관","경기 파주시 문산읍 통일로 1680","031-934-2001","광성복지재단","사회복지법인"
"303","경기","판교종합사회복지관","경기도 성남시 운중로 254(판교동)","031-703-8100","한국참사랑복지회","사단법인"
"304","경기","포천종합사회복지관","경기 포천시 청성로 5","031-531-4055","삼육재단","사회복지법인"
"305","경기","하남시미사강변종합사회복지관","경기 하남시 아리수로565, 1301동 1충","031-795-1301","하남시민생안정후원회","사단법인"
"306","경기","하남시종합사회복지관","경기도 하남시 덕풍천서로9","031-790-2944","홀트아동복지회","사회복지법인"
"307","경기","하안종합사회복지관","경기도 광명시 하안로 238","02-894-0720","이웃사랑실천회","사회복지법인"
"308","경기","한라종합사회복지관","경기도 부천시 원미구 계남로 125","032-324-0723","인천카톨릭사회복지회","사회복지법인"
"308","경기","한라종합사회복지관","경기도 부천시 원미구 계남로 125","032-324-0724","인천카톨릭사회복지회","사회복지법인"
"309","경기","한솔종합사회복지관","경기도 성남시 분당구 내정로 94","031-8022-1100","연꽃마을","사회복지법인"
"310","경기","함현상생종합사회복지관","경기도 시흥시 함송로 29번길 67번","031-434-8040","상생복지회","사회복지법인(직영)"
"310","경기","함현상생종합사회복지관","경기도 시흥시 함송로 29번길 67번","031-434-8041","상생복지회","사회복지법인(직영)"
"310","경기","함현상생종합사회복지관","경기도 시흥시 함송로 29번길 67번","031-434-8042","상생복지회","사회복지법인(직영)"
"310","경기","함현상생종합사회복지관","경기도 시흥시 함송로 29번길 67번","031-434-8043","상생복지회","사회복지법인(직영)"
"311","경기","합정종합사회복지관","경기도 평택시 평택로 22","031-655-5337","구세군복지재단","사회복지법인"
"311","경기","합정종합사회복지관","경기도 평택시 평택로 22","031-655-5338","구세군복지재단","사회복지법인"
"311","경기","합정종합사회복지관","경기도 평택시 평택로 22","031-655-5339","구세군복지재단","사회복지법인"
"312","경기","화성시남부종합사회복지관","경기도 화성시 향남읍 행정서로 3길 50","031-366-0888","굿네이버스","사회복지법인"
"313","강원","강릉종합사회복지관","강원도 강릉시 강변로 510","033-653-6375","자비복지원","사회복지법인"
"313","강원","강릉종합사회복지관","강원도 강릉시 강변로 510","033-653-6376","자비복지원","사회복지법인"
"314","강원","동해종합사회복지관","강원도 동해시 전천로 273-10","033-533-8247","월드비전","사회복지법인"
"315","강원","명륜종합사회복지관","강원도 원주시 예술관길 31","033-762-8131","성불복지회","사회복지법인"
"315","강원","명륜종합사회복지관","강원도 원주시 예술관길 31","033-762-8132","성불복지회","사회복지법인"
"316","강원","밥상공동체종합사회복지관","강원도 원주시 일산로 81-2","033-766-4933","밥상공동체복지재단","사회복지법인(직영)"
"317","강원","삼척종합사회복지관","강원도 삼척시 원당로2길 72-6","033-573-6168","원주가톨릭사회복지회","사회복지법인"
"318","강원","속초종합사회복지관","강원도 속초시 먹거리길 19","033-631-8761","신흥사복지재단","사회복지법인"
"318","강원","속초종합사회복지관","강원도 속초시 먹거리길 19","033-631-8762","신흥사복지재단","사회복지법인"
"319","강원","양구종합사회복지관","강원도 양구군 양구읍 비봉로73번길 52","033-480-2241","양구군","군직영"
"320","강원","양양군종합사회복지관","강원도 양양군 양양읍 양양로 27-17","033-670-2187","양양군","군직영"
"321","강원","영월군종합사회복지관","강원도 영월군 영월읍 단종로 12","033-375-4600","원주가톨릭사회복지회","사회복지법인"
"321","강원","영월군종합사회복지관","강원도 영월군 영월읍 단종로 12","033-375-4601","원주가톨릭사회복지회","사회복지법인"
"321","강원","영월군종합사회복지관","강원도 영월군 영월읍 단종로 12","033-375-4602","원주가톨릭사회복지회","사회복지법인"
"322","강원","원주가톨릭종합사회복지관","강원도 원주시 봉산로 103","033-744-6617","원주가톨릭사회복지회","사회복지법인(직영)"
"323","강원","원주종합사회복지관","강원도 원주시 육판길 1","033-732-4006","원주종합사회복지재단","사회복지법인(직영)"
"324","강원","월드비전춘천종합사회복지관","강원도 춘천시 근화길 95","033-254-7244","월드비전","사회복지법인(직영)"
"325","강원","정선군종합사회복지관","강원도 정선군 정선읍 봉양7길 16","033-563-2922","원주가톨릭사회복지회","사회복지법인"
"326","강원","춘천종합사회복지관","강원도 춘천시 후석로228번길 24","033-242-0051","천주교 춘천교구 사회복지회","사회복지법인"
"326","강원","춘천종합사회복지관","강원도 춘천시 후석로228번길 24","033-242-0052","천주교 춘천교구 사회복지회","사회복지법인"
"326","강원","춘천종합사회복지관","강원도 춘천시 후석로228번길 24","033-242-0053","천주교 춘천교구 사회복지회","사회복지법인"
"326","강원","춘천종합사회복지관","강원도 춘천시 후석로228번길 24","033-242-0054","천주교 춘천교구 사회복지회","사회복지법인"
"326","강원","춘천종합사회복지관","강원도 춘천시 후석로228번길 24","033-242-0055","천주교 춘천교구 사회복지회","사회복지법인"
"327","강원","춘천효자종합사회복지관","강원도 춘천시 공지로 234-16","033-261-1790","기독교대한감리회사회복지재단","사회복지법인"
"328","강원","홍천군종합사회복지관","강원도 홍천군 홍천읍 너브내길 123","033-436-3004","나눔과 기쁨","사단법인"
"329","강원","화천종합사회복지관","강원도 화천군 화천읍 화천새싹길 45","033-440-2321","화천군","군직영"
"330","강원","횡성군종합사회복지관","횡성군 횡성읍 횡성로 379 횡성군 종합 보건복지타운 3층","033-345-3450","원주가톨릭사회복지회","사회복지법인"
"330","강원","횡성군종합사회복지관","횡성군 횡성읍 횡성로 379 횡성군 종합 보건복지타운 3층","033-345-3451","원주가톨릭사회복지회","사회복지법인"
"330","강원","횡성군종합사회복지관","횡성군 횡성읍 횡성로 379 횡성군 종합 보건복지타운 3층","033-345-3452","원주가톨릭사회복지회","사회복지법인"
"331","충북","목령종합사회복지관","충북 청주시 청원구 오창읍 중심상업2로 32","043-216-3060","연꽃마을","사회복지법인"
"332","충북","북부종합사회복지관","충북 청주시 청원구 충청대로107번 16-1","043-216-4004","선재원","사회복지법인"
"332","충북","북부종합사회복지관","충북 청주시 청원구 충청대로107번 16-1","043-216-4005","선재원","사회복지법인"
"333","충북","산남종합사회복지관","충청북도 청주시 서원구 구룡산로 290","043-288-1428","청주교구천주교회유지재단","재단법인"
"333","충북","산남종합사회복지관","충청북도 청주시 서원구 구룡산로 290","043-288-1429","청주교구천주교회유지재단","재단법인"
"333","충북","산남종합사회복지관","충청북도 청주시 서원구 구룡산로 290","043-288-1430","청주교구천주교회유지재단","재단법인"
"334","충북","삼보사회복지관","충청북도 증평군 증평읍 창신로 85","043-836-6040","열림재단","사회복지법인"
"335","충북","생거진천종합사회복지관","충청북도 진천군 진천읍 중앙북1길 11-10","043-539-3238","진천군","군직영"
"336","충북","서부종합사회복지관","충청북도 청주시 흥덕구 가로수로1370번길 16","043-236-3600","청주YWCA","사단법인"
"336","충북","서부종합사회복지관","충청북도 청주시 흥덕구 가로수로1370번길 16","043-236-3601","청주YWCA","사단법인"
"336","충북","서부종합사회복지관","충청북도 청주시 흥덕구 가로수로1370번길 16","043-236-3602","청주YWCA","사단법인"
"336","충북","서부종합사회복지관","충청북도 청주시 흥덕구 가로수로1370번길 16","043-236-3603","청주YWCA","사단법인"
"337","충북","오송종합사회복지관","충북 청주시 흥덕구 오송읍 오송생명1로 180","043-234-5473","청주교구천주교회유지재단","재단법인"
"338","충북","용암종합사회복지관","충청북도 청주시 상당구 원봉로 52","043-293-9191","월드비전","사회복지법인"
"338","충북","용암종합사회복지관","충청북도 청주시 상당구 원봉로 52","043-293-9192","월드비전","사회복지법인"
"338","충북","용암종합사회복지관","충청북도 청주시 상당구 원봉로 52","043-293-9193","월드비전","사회복지법인"
"338","충북","용암종합사회복지관","충청북도 청주시 상당구 원봉로 52","043-293-9194","월드비전","사회복지법인"
"339","충북","제천종합사회복지관","충청북도 제천시 용두대로 23길 14","043-644-2983","원주가톨릭사회복지회","사회복지법인"
"339","충북","제천종합사회복지관","충청북도 제천시 용두대로 23길 14","043-644-2984","원주가톨릭사회복지회","사회복지법인"
"340","충북","증평종합사회복지관","충청북도 증평군 증평읍 송티로 76-23","043-838-1906","열림재단","사회복지법인(직영)"
"341","충북","청주사회복지관","충청북도 청주시 상당구 영운천로 13-1","043-253-4493","어린이재단","사회복지법인(직영)"
"342","충북","청주종합사회복지관","충청북도 청주시 흥덕구 1순환로 392","043-266-4761","충북현양복지재단","사회복지법인(직영)"
"343","충북","충주종합사회복지관","충청북도 충주시 주공길 7","043-855-3000","열림재단","사회복지법인"
"344","충남세종","공주기독교종합사회복지관","충청남도 공주시 영명학당 1길 13","041-856-0881","감리회태화복지재단","사회복지법인(직영)"
"345","충남세종","공주시종합사회복지관","충남 공주시 의당로 257","041-840-2215","공주시","시직영"
"346","충남세종","금강종합사회복지관","충청남도 공주시 우금티로 709-12","041-856-6110","자비복지원","사회복지법인"
"346","충남세종","금강종합사회복지관","충청남도 공주시 우금티로 709-12","041-856-6111","자비복지원","사회복지법인"
"347","충남세종","논산종합사회복지관","충청남도 논산시 논산대로 424","041-746-8421","논산시","시직영"
"348","충남세종","당진남부사회복지관","충청남도 당진시 우강면 우강창말길 24","041-362-9625","삼육재단","사회복지법인"
"349","충남세종","당진북부사회복지관","충청남도 당진시 당진웅앙1로 59(구, 군청사)","041-354-4401","고앤두","사회복지법인"
"350","충남세종","명천종합사회복지관","충청남도 보령시 주공로 65","041-936-8501","대한구세군유지재단","재단법인"
"350","충남세종","명천종합사회복지관","충청남도 보령시 주공로 65","041-936-8502","대한구세군유지재단","재단법인"
"350","충남세종","명천종합사회복지관","충청남도 보령시 주공로 65","041-936-8503","대한구세군유지재단","재단법인"
"351","충남세종","보령시종합사회복지관","충청남도 보령시 천변북길 121","041-930-3582","보령시","시직영"
"352","충남세종","서산석림사회복지관","충청남도 서산시 서해로 3456","041-667-2303","대한구세군유지재단","재단법인"
"352","충남세종","서산석림사회복지관","충청남도 서산시 서해로 3456","041-667-2304","대한구세군유지재단","재단법인"
"353","충남세종","서산시종합사회복지관","충청남도 서산시 호수공원14로 6","041-667-4063","서산시","시직영"
"354","충남세종","세종종합사회복지관","세종특별자치시 조치원읍 산책1길 65","041-868-2004","세종중앙","사회복지법인(직영)"
"355","충남세종","송산종합사회복지관","충청남도 당진시 송산면 장갈길 15","041-353-7300","기독교대한감리회사회복지재단","사회복지법인"
"355","충남세종","송산종합사회복지관","충청남도 당진시 송산면 장갈길 15","041-353-7301","기독교대한감리회사회복지재단","사회복지법인"
"356","충남세종","쌍용종합사회복지관","충청남도 천안시 서북구 쌍용11길 57","041-571-4064","대한성공회유지재단","재단법인"
"357","충남세종","아산서부사회복지관","충청남도 아산시 도고면 도고면로 110번길16","041-541-2020","희망나눔재단","사회복지법인(직영)"
"358","충남세종","아산종합사회복지관","충남 아산시 영인면 아산온천로3번 8","041-542-2308","기독교이선복지재단","사회복지법인(직영)"
"359","충남세종","온주종합사회복지관","충청남도 아산시 외암로 1420","041-544-7411","굿네이버스","사회복지법인"
"359","충남세종","온주종합사회복지관","충청남도 아산시 외암로 1420","041-544-7412","굿네이버스","사회복지법인"
"360","충남세종","음봉산동종합사회복지관","충청남도 아산시 음봉면 산동안길 16","041-534-7951","중부재단","사회복지법인"
"360","충남세종","음봉산동종합사회복지관","충청남도 아산시 음봉면 산동안길 16","041-534-7952","중부재단","사회복지법인"
"360","충남세종","음봉산동종합사회복지관","충청남도 아산시 음봉면 산동안길 16","041-534-7953","중부재단","사회복지법인"
"360","충남세종","음봉산동종합사회복지관","충청남도 아산시 음봉면 산동안길 16","041-534-7954","중부재단","사회복지법인"
"361","충남세종","종촌종합사회복지관","세종특별자치시 도움1로 116","041-850-3000","대한불교조계종사회복지재단","사회복지법인"
"362","충남세종","천안성정종합사회복지관","충청남도 천안시 서북구 쌍용대로 289-25","041-578-5172","어린이재단","사회복지법인"
"363","충남세종","탕정한마음종합사회복지관","충청남도 아산시 탕정면 탕정면로40번길 12","041-543-7400","한국지역사회복리회","사회복지법인(직영)"
"364","충남세종","홍성사회복지관","충청남도 홍성군 홍성읍 조양로75번길 17","041-632-2008","충남기독교사회봉사회","사회복지법인(직영)"
"365","전북","고창군종합사회복지관","전라북도 고창군 고창읍 전봉준로 88-15","063-563-0009","대한불교조계종 선운사복지재단","사회복지법인"
"366","전북","군산나운종합사회복지관","전라북도 군산시 문화로 36 주공4단지아파트내","063-462-7260","한기장복지재단","사회복지법인"
"367","전북","군산종합사회복지관","전북 군산시 칠성로 59 늘푸른어린이집","063-461-6555","기독교대한성결교회사회사업유지재단","사회복지법인(직영)"
"367","전북","군산종합사회복지관","전북 군산시 칠성로 59 늘푸른어린이집","063-461-6556","기독교대한성결교회사회사업유지재단","사회복지법인(직영)"
"367","전북","군산종합사회복지관","전북 군산시 칠성로 59 늘푸른어린이집","063-461-6557","기독교대한성결교회사회사업유지재단","사회복지법인(직영)"
"368","전북","길보른종합사회복지관","전라북도 김제시 금성로 93 (신풍동)","063-545-1923","길보른재단","사회복지법인(직영)"
"369","전북","김제사회복지관","전라북도 김제시 요촌북로 110","063-543-5007","대한예수교장로회총회유지재단","재단법인"
"369","전북","김제사회복지관","전라북도 김제시 요촌북로 110","063-543-5008","대한예수교장로회총회유지재단","재단법인"
"370","전북","김제제일사회복지관","전라북도 김제시 동서 1길 9-24","063-547-0431","시온회","사회복지법인(직영)"
"371","전북","남원사회복지관","전라북도 남원시 노송로 1255-9","063-632-5252","한기장복지재단","사회복지법인"
"372","전북","동산사회복지관","전라북도 익산시 동천로7길 26-1","063-842-2253","삼동회","사회복지법인"
"373","전북","부송종합사회복지관","전라북도 익산시 무왕로22길 12(부송동)","063-831-0250","삼동회","사회복지법인"
"373","전북","부송종합사회복지관","전라북도 익산시 무왕로22길 12(부송동)","063-831-0251","삼동회","사회복지법인"
"374","전북","부안종합사회복지관","전라북도 부안군 부안읍 용암로 134","063-580-7600","한기장복지재단","사회복지법인"
"375","전북","선너머종합사회복지관","전라북도 전주시 완산구 선너머로 54","063-232-0334","전주가톨릭사회복지회","사회복지법인(직영)"
"376","전북","원광종합사회복지관","전라북도 익산시 익산대로 415-7","063-856-2385","삼동회","사회복지법인(직영)"
"377","전북","전북종합사회복지관","전라북도 전주시 완산구 흑석로 70","063-282-7230","어린이재단","사회복지법인(직영)"
"378","전북","전주종합사회복지관","전라북도 전주시 완산구 덕적골 2길 22번지","063-284-2733","삼동회","사회복지법인"
"378","전북","전주종합사회복지관","전라북도 전주시 완산구 덕적골 2길 22번지","063-284-2734","삼동회","사회복지법인"
"379","전북","정읍종합사회복지관","전라북도 정읍시 수성2로 13-18(수성동)","063-533-1916","월드비전","사회복지법인"
"379","전북","정읍종합사회복지관","전라북도 정읍시 수성2로 13-18(수성동)","063-533-1917","월드비전","사회복지법인"
"380","전북","평화사회복지관","전라북도 전주시 완산구 덕적골2길 25","063-285-4408","삼동회","사회복지법인"
"381","전북","학산종합사회복지관","전라북도 전주시 완산구 모악로 4726-1","063-223-9999","한기장복지재단","사회복지법인"
"382","전남","구례군종합사회복지관","전라남도 구례군 구례읍 구례로 508","061-780-2186","구례군","군직영"
"383","전남","목포시종합사회복지관","전라남도 목포시 고하대로 712","061-272-2395","광주구천주교회유지재단","재단법인"
"384","전남","무안군종합사회복지관","전라남도 무안군 일로읍 삼일로 493","061-283-1888","무안군장애인협회","사단법인"
"385","전남","문수종합사회복지관","전남 여수시 여문2로 11-10","061-652-4242","대한불교조계종사회복지재단","사회복지법인"
"385","전남","문수종합사회복지관","전남 여수시 여문2로 11-10","061-652-4243","대한불교조계종사회복지재단","사회복지법인"
"386","전남","미평종합사회복지관","전라남도 여수시 미평로 77-1","061-652-3457","한국기독교총연합회","사단법인"
"387","전남","보성종합사회복지관","전라남도 보성군 보성읍 동인길 18-6번지","061-852-9845","대한예수교장로회순천노회","재단법인(직영)"
"387","전남","보성종합사회복지관","전라남도 보성군 보성읍 동인길 18-6번지","061-852-9846","대한예수교장로회순천노회","재단법인(직영)"
"388","전남","상동종합사회복지관","전라남도 목포시 상동로 61번길","061-273-1142","광주구천주교회유지재단","재단법인"
"389","전남","상리사회복지관","전라남도 목포시 상동로 68","061-274-0068","광주구천주교회유지재단","재단법인"
"390","전남","소라종합사회복지관","전라남도 여수시 소라면 덕양로 414","061-685-9775","대한예수교장로회순천노회","재단법인"
"391","전남","순천조례종합사회복지관","전남 순천시 신월큰길 54 조례주공아파트","061-722-2304","소비자교육중앙회","사단법인"
"392","전남","순천종합사회복지관","전라남도 순천시 저전길 84","061-741-3062","순천성신원","사회복지법인(직영)"
"392","전남","순천종합사회복지관","전라남도 순천시 저전길 84","061-741-3063","순천성신원","사회복지법인(직영)"
"393","전남","쌍봉종합사회복지관","전라남도 여수시 학동서4길 58-20","061-681-7179","밀알복지재단","사회복지법인"
"394","전남","영산포종합사회복지관","전라남도 나주시 가마태길 38","061-334-5111","한국불교태고종중앙회","사단법인"
"395","전남","장흥종합사회복지관","전라남도 장흥군 장흥읍 흥성로 37-24","061-864-4804","대한예수교장로회총회(합동측)복지재단","재단법인"
"396","전남","해남종합사회복지관","전라남도 해남군 해남읍 중앙1로 14-14","061-534-6777","두성재단","사회복지법인(직영)"
"397","경북","경산시백천사회복지관","경상북도 경산시 경청로222길 9-1","053-811-1347","대한불교조계종사회복지재단","사회복지법인"
"398","경북","경주시종합사회복지관","경상북도 경주시 승삼1길 34","054-771-8107","경주YMCA","재단법인"
"399","경북","구미종합사회복지관","경상북도 구미시 검성로 103-2","054-472-5060","대구가톨릭사회복지회","사회복지법인"
"400","경북","금오종합사회복지관","경상북도 구미시 문장로 110","054-458-0230","대한불교조계종사회복지재단","사회복지법인"
"401","경북","김천부곡사회복지관","경상북도 김천시 문지왈길 68","054-439-0160","대구가톨릭사회복지회","사회복지법인"
"401","경북","김천부곡사회복지관","경상북도 김천시 문지왈길 68","054-439-0161","대구가톨릭사회복지회","사회복지법인"
"402","경북","김천시종합사회복지관","경상북도 김천시 공단2길 30-22","054-420-6451","김천시","시직영"
"403","경북","문경시종합사회복지관","경상북도 문경시 매봉4길 25","054-555-0108","대한불교조계종사회복지재단","사회복지법인"
"404","경북","상주시종합사회복지관","경상북도 상주시 냉림2길 111","054-532-5677","대한불교조계종사회복지재단","사회복지법인"
"405","경북","성주군종합사회복지관","경상북도 성주군 성주읍 성주순환로271-9","054-933-9445","대구가톨릭사회복지회","사회복지법인"
"406","경북","안동시종합사회복지관","경상북도 안동시 은행나무로106-5","054-853-3090","천주교안동교구유지재단","재단법인"
"406","경북","안동시종합사회복지관","경상북도 안동시 은행나무로106-5","054-853-3091","천주교안동교구유지재단","재단법인"
"407","경북","영주시종합사회복지관","경상북도 영주시 대학로 130-1번지","054-639-0500","천주교안동교구사회복지회","사회복지법인"
"408","경북","영천시종합사회복지관","경상북도 영천시 충효로 147번지","054-332-8418","영천YMCA","재단법인"
"409","경북","창포종합사회복지관","경상북도 포항시 북구 새천년대로 1075번길 10","054-246-4413","기쁨의 복지재단","사회복지법인"
"410","경북","칠곡군종합사회복지관","경상북도 칠곡군 왜관읍 관문로1길 32","054-979-5128","칠곡군","군직영"
"411","경북","포항종합사회복지관","경상북도 포항시 남구 대도동 632-11","054-281-3111","중앙엘림복지재단","사회복지법인"
"412","경북","포항학산종합사회복지관","경상북도 포항시 북구 장미길 31-1","054-248-6165","열린가람","사회복지법인"
"412","경북","포항학산종합사회복지관","경상북도 포항시 북구 장미길 31-1","054-248-6166","열린가람","사회복지법인"
"413","경남","거제시종합사회복지관","경상남도 거제시 양정1길 45","055-636-0303","거제시희망복지재단","재단법인"
"414","경남","거창군종합사회복지관","경상남도 거창군 거창읍 아림로 66","055-940-8750","거창군","군직영"
"415","경남","경남종합사회복지관","경상남도 창원시 마산회원구 팔용로 272","055-298-8600","인애복지재단","사회복지법인(직영)"
"415","경남","경남종합사회복지관","경상남도 창원시 마산회원구 팔용로 272","055-298-8601","인애복지재단","사회복지법인(직영)"
"415","경남","경남종합사회복지관","경상남도 창원시 마산회원구 팔용로 272","055-298-8602","인애복지재단","사회복지법인(직영)"
"415","경남","경남종합사회복지관","경상남도 창원시 마산회원구 팔용로 272","055-298-8603","인애복지재단","사회복지법인(직영)"
"416","경남","고성군종합사회복지관","경상남도 고성군 고성읍 동외로 156번길 36","055-670-3177","고성군","군직영"
"417","경남","구산종합사회복지관","경상남도 김해시 가락로 222","055-337-4541","김해시복지재단","재단법인"
"417","경남","구산종합사회복지관","경상남도 김해시 가락로 222","055-337-4542","김해시복지재단","재단법인"
"418","경남","김해시종합사회복지관","경상남도 김해시 분성로 227","055-329-6336","인제학원(인제대학교)","학교법인"
"418","경남","김해시종합사회복지관","경상남도 김해시 분성로 227","055-329-6337","인제학원(인제대학교)","학교법인"
"419","경남","남해군종합사회복지관","경상남도 남해군 남해읍 망운로 32","055-860-3819","남해군","군직영"
"420","경남","내서종합사회복지관","경상남도 창원시 마산회원구 내서읍 상곡로 49","055-231-8017","통도사자비원","사회복지법인"
"420","경남","내서종합사회복지관","경상남도 창원시 마산회원구 내서읍 상곡로 49","055-231-8018","통도사자비원","사회복지법인"
"420","경남","내서종합사회복지관","경상남도 창원시 마산회원구 내서읍 상곡로 49","055-231-8019","통도사자비원","사회복지법인"
"421","경남","도남사회복지관","경상남도 통영시 발개로 153","055-645-0645","통영YWCA","사단법인"
"422","경남","동부사회복지관","경상남도 의령군 부림면 신번로 181","055-570-4739","의령군","군직영"
"423","경남","마산종합사회복지관","경상남도 창원시 마산합포구 월영북로 46","055-223-9980","영신복지재단","사회복지법인(직영)"
"423","경남","마산종합사회복지관","경상남도 창원시 마산합포구 월영북로 46","055-223-9981","영신복지재단","사회복지법인(직영)"
"423","경남","마산종합사회복지관","경상남도 창원시 마산합포구 월영북로 46","055-223-9982","영신복지재단","사회복지법인(직영)"
"424","경남","밀양시종합사회복지관","경상남도 밀양시 중앙로 218","055-350-1000","밀양남부복지재단","사회복지법인"
"425","경남","사천시종합사회복지관","경상남도 사천시 벌리6길 102","055-831-2480","사천시","시직영"
"426","경남","삼천포종합사회복지관","경상남도 사천시 임내길 36","055-834-4196","홍아원","사회복지법인(직영)"
"427","경남","서부종합사회복지관","경상남도 사천시 곤양면 서정리 998-1","055-831-2482","사천시","시직영"
"428","경남","양산시종합사회복지관","경상남도 양산시 물금읍 오봉 10길 8","055-365-9544","기아대책","사회복지법인"
"429","경남","옥포종합사회복지관","경상남도 거제시 옥포대첩로 84","055-680-7000","거제시희망복지재단","재단법인"
"430","경남","웅상종합사회복지관","경상남도 양산시 덕계7길 26","055-367-7612","양산시복지재단","재단법인"
"431","경남","의령군종합사회복지관","경상남도 의령군 의령읍 의병로8길 44","055-570-2860","의령군","군직영"
"432","경남","진주시가좌사회복지관","경상남도 진주시 가호로 26","055-754-0016","진주시 좋은세상 복지재단","재단법인"
"432","경남","진주시가좌사회복지관","경상남도 진주시 가호로 26","055-754-0017","진주시 좋은세상 복지재단","재단법인"
"433","경남","진주시종합사회복지관","경상남도 진주시 진양호로 476","055-749-2496","진주시","시직영"
"434","경남","진주평거종합사회복지관","경상남도 진주시 진양호로 125번길 4-1","055-746-5480","진주시사회복지협의회","사회복지법인"
"435","경남","진해자은종합사회복지관","경상남도 창원시 진해구 진해대로 901번길 7","055-546-9117","드림재단","사회복지법인"
"436","경남","창원성산종합사회복지관","경상남도 창원시 의창구 창이대로 600번길 2","055-282-3737","마산교구천주교회유지재단","재단법인(직영)"
"437","경남","창원시진해종합사회복지관","경상남도 창원시 진해구 진해대로 1101","055-540-0100","마산교구천주교회유지재단","재단법인"
"438","경남","통영시종합사회복지관","경상남도 통영시 안개 4길 94","055-640-7700","마산교구천주교회유지재단","재단법인"
"439","경남","하동군종합사회복지관","경남 하동군 하동읍 오룡정길 25-3","055-884-1478","하동군","군직영"
"440","경남","함안군종합사회복지관","경남 함안군 칠원면 삼칠로 155","055-580-2457","함안군","군직영"
"441","경남","함양군종합사회복지관","경상남도 함양군 함양읍 필봉산길 55","055-960-5533","함양군","군직영"
"442","경남","합천군종합사회복지관","경상남도 합천군 합천읍 동서로 39","055-930-4924","합천군","군직영"
"443","울산","북구종합사회복지관","울산광역시 북구 동대8길 40","052-296-3900","어울림복지재단","사회복지법인"
"444","울산","울산남구종합사회복지관","울산광역시 남구 번영로107번길 5","052-260-2981","통도사 자비원","사회복지법인"
"444","울산","울산남구종합사회복지관","울산광역시 남구 번영로107번길 5","052-260-2982","통도사 자비원","사회복지법인"
"445","울산","울산동구종합사회복지관","울산광역시 동구 봉수로 155번지","052-236-1465","원각선원","사회복지법인"
"446","울산","울산중구종합사회복지관","울산광역시 중구 종가3길 15(유곡로)","052-296-3161","사회복지법인 물푸레복지재단","사회복지법인"
"447","울산","울산화정종합사회복지관","울산광역시 동구 월봉10길 16","052-236-3139","진각복지재단","사회복지법인"
"448","울산","울주군 남부종합사회복지관","울산광역시 울주군 온산읍 덕신로 303","052-229-9300","울주군 시설관리공단","기타(공단)"
"449","울산","울주군 서부종합사회복지관","울산광역시 울주군 언양읍 읍성로 169","052-229-9160","울주군 시설관리공단","기타(공단)"
"450","울산","중부종합사회복지관","울산 울주군 범서읍 천상4길 28-14","052-229-9350","울주군 시설관리공단","기타(공단)"
"451","제주","동부종합사회복지관","제주특별자치도 서귀포시 성산읍 일출로 14-11","064-783-0364","제주가톨릭사회복지회","사회복지법인"
"452","제주","동제주종합사회복지관","제주특별자치도 제주시 구좌읍 평대12길 15","064-784-8281","자현","사회복지법인(직영)"
"453","제주","서귀포종합사회복지관","제주특별자치도 서귀포시 태평로 512번길 9","064-762-0211","예담","사회복지법인"
"454","제주","서부종합사회복지관","제주특별자치도 제주시 한림읍 한림상로 207-9","064-796-9091","한림소망의집","사회복지법인(직영)"
"454","제주","서부종합사회복지관","제주특별자치도 제주시 한림읍 한림상로 207-9","064-796-9092","한림소망의집","사회복지법인(직영)"
"454","제주","서부종합사회복지관","제주특별자치도 제주시 한림읍 한림상로 207-9","064-796-9093","한림소망의집","사회복지법인(직영)"
"455","제주","아라종합사회복지관","제주특별자치도 제주시 인다 12길 1","064-726-4605","제주도사회복지협의회","사회복지법인"
"456","제주","영락종합사회복지관","제주특별자치도 제주시 고마로9길 32","064-759-4071","대한예수교장로회제주노회유지재단","재단법인(직영)"
"456","제주","영락종합사회복지관","제주특별자치도 제주시 고마로9길 32","064-759-4072","대한예수교장로회제주노회유지재단","재단법인(직영)"
"457","제주","은성종합사회복지관","제주특별자치도 제주시 월두2길 63-1","064-726-8388","제주 은성의 집","사회복지법인(직영)"
"458","제주","제주순복음종합사회복지관","제주 제주시 천수동로 25","064-757-9119","섬김의 집","사회복지법인(직영)"
"459","제주","제주종합사회복지관","제주특별자치도 제주시 도남로 121","064-753-2740","어린이재단","사회복지법인(직영)"
